wallet_address,chain,suspicion_score,patterns_flagged,associated_tokens,estimated_profit_usd
DFZ497f4YTS4RXjPeKPuECHXSmoVnvoFMpmErnZK61cc,sol,92.5,cex_funding|early_entry|pump_and_dump,BM2k8mJUbMthHoioykyUm2NjMrXvLBYhoXruwYLpump,218170.08
35EeJFfuRRU5hZHtB7g1DFjx2TokQf2ibaJeWSskw8nx,sol,92.5,cex_funding|early_entry|pump_and_dump,B3jjDNkBw48utaFxRRSWxg4oUkN23YxodChdEf4bxhQS,90208.34
5ZuV8eqkvzYFVEKbLvGBdexL2tFv7E5BCd2HZpjqbdg,sol,92.5,cex_funding|early_entry|jito_bundle|pump_and_dump,ConGoUKgS6vzZi71WtzmRcij1NYzKLBcFKW88JxTpump,509497.17
WhaleTreasury_Anchor8p7Z2M9tq4F1kL5n6uR8vX7yT9wQ,sol,92.5,cex_funding|early_entry|jito_bundle|pump_and_dump,23Ka67YHjEwinGV731cGPXdxKGyfLYe948FksehmUdX5|52tNdDCGwhTn9gso6Z7ojQyTyx571VykaKeWTnbFk1ng|5mmu1g6HDSTtvsZW4YtHXmUWcdXCfTgzVYtcEDuAf2N3|5yGwhoX8xUXkwiTF8sna9bvfQTSd1YYG6CLjzQWypump|77itbEgusNTWEoD3F7mZ6Eok7tUiVrhmLx5m5TkeeUV|7MqX5D55R8kJgxZGM7U18iifjQf2Kb9caZxaMHvfpump|8LZzGvYzx6dSxvESuHuz7faSp6DZ1uFd39CQqUufTapL|8zWcEgUZvQKcHgtUoYTnaC6AHX7FmtWVV9WeM4kPuXMR|A8f6L4hMAe6EADayA91e7ZhAZrT76AsVvK5dXRRnpump|ANHNyZk17SrWyyGBivBxqSuYC6LASF5rFZJyXkHNCxrQ|CWTf2T6KTH3dx87Bn5tbKbwnoB3QEFTwb27dnWnruzjX|CYkwSfVgFPKNwNUG9rrikGQQ48HbB7LSF5yR3J6jpump|ConGoUKgS6vzZi71WtzmRcij1NYzKLBcFKW88JxTpump|DJejJn1iJntJVTAixy4VRgqJFF3NMKPEMgVzbJFmpump|DNsBHDTtw69dKCoMmiuDFndocnRn9q7m2nJPTL4qpump|DkQYd9q2p7VSruiKhj54wu4F9CbyqruCRKFewg3dpump|GG7ZPzh624V2PDRsTq8TbAzv9krSEpFfCLsaTZY2pump|wTv7FZouuPtAab3i5sYH8xwaZrvxahG6zrirwW8dare,1775677.8
7hmGyLvVgjiZf2uMRAMWwvATKfgswtxF1SUYWhaT3sE2,sol,92.5,cex_funding|early_entry|jito_bundle|pump_and_dump,52tNdDCGwhTn9gso6Z7ojQyTyx571VykaKeWTnbFk1ng,20858.99
AMRsSeU5JpqwQWJGNLMpZzRCZSFEwYQYbMnms3dD4311,sol,92.5,cex_funding|early_entry|jito_bundle|pump_and_dump,8LZzGvYzx6dSxvESuHuz7faSp6DZ1uFd39CQqUufTapL,1775677.8
AUnN2Z1i2cPRFNa2V159aEWxrCsNyzsbPfkpXoYTNfse,sol,92.5,cex_funding|early_entry|jito_bundle|pump_and_dump,wTv7FZouuPtAab3i5sYH8xwaZrvxahG6zrirwW8dare,46047.58
KRELRFedM22Tzr6GA5Nmvkn5aEk29E2RPXg9mcyMUJk,sol,92.5,cex_funding|early_entry|jito_bundle|pump_and_dump,5bhJw8tdHFFGqxAajtPJ51EikXJk2GVtZxLgT6D9pump,2493.98
5tzFkiKscXHK5ZXCGbXZxdw7gTjjD1mBwuoFbhUvuAi9,sol,92.5,cex_funding|early_entry|jito_bundle|pump_and_dump,4BZ8LdoevaanYBxEZivsSiHv9Jx1zjABijKPzwDWupLA|5bhJw8tdHFFGqxAajtPJ51EikXJk2GVtZxLgT6D9pump|CJS2EN7zGiZhVAYXsHqdXQJvNk8niiH2ZR9oWcrNpump|DaBi5ZdRJSgZPu3qKe36zFRhpsnFexgKbL6CWx4gpump|E7RPjc25KS22LFMgXKjwqZxK5WVwdGRKaUQRuVX6fWsY,178110.72
DMT3DnnW4apdgYBZN9mfPhRL7nzFwHfC3bnmZMDK1JxQ,sol,92.5,cex_funding|early_entry|jito_bundle|pump_and_dump,23Ka67YHjEwinGV731cGPXdxKGyfLYe948FksehmUdX5,329564.58
2xtfisrsUgZsgneoF1hWQVeDLvtHEGnGh7LirABxE1H6,sol,92.5,cex_funding|early_entry|jito_bundle|pump_and_dump,ANHNyZk17SrWyyGBivBxqSuYC6LASF5rFZJyXkHNCxrQ,2591.11
whamNNP9tHoxLg92yHvJPdYhghEoCg1qYTsh5a2oLbx,sol,92.5,cex_funding|early_entry|jito_bundle|pump_and_dump,77itbEgusNTWEoD3F7mZ6Eok7tUiVrhmLx5m5TkeeUV,1013321.76
HXAYJj7g4Dn8bmcGDJmcH1rwS9tEbNjLWizJo2EeFx2y,sol,92.5,cex_funding|early_entry|jito_bundle|pump_and_dump,8zWcEgUZvQKcHgtUoYTnaC6AHX7FmtWVV9WeM4kPuXMR,31601.93
BAhpxejd9dMud9FfKzwghgXSYiFhYCHJBuuGyjhZb74R,sol,92.5,cex_funding|early_entry|jito_bundle|pump_and_dump,GG7ZPzh624V2PDRsTq8TbAzv9krSEpFfCLsaTZY2pump,346294.32
8YcbyX92UHTU23HZv3ccP9o13qibErQkKaUjoxqxd7SJ,sol,92.5,cex_funding|early_entry|jito_bundle|pump_and_dump,4BZ8LdoevaanYBxEZivsSiHv9Jx1zjABijKPzwDWupLA,178110.72
E4FPggw9yDp9PNJDuRoLYDr6a5HKCsAterw3fygLpZEA,sol,92.5,cex_funding|early_entry|jito_bundle|pump_and_dump,DJejJn1iJntJVTAixy4VRgqJFF3NMKPEMgVzbJFmpump,55561.73
8bjwutbs6w2tNyThtyNLeFnHYEQtFBAeChjBFXiPJ7cc,sol,92.5,cex_funding|early_entry|jito_bundle|pump_and_dump,A8f6L4hMAe6EADayA91e7ZhAZrT76AsVvK5dXRRnpump,15195.65
EhAbm3M5XHJ41MC5PdGJC34pKfePUnfJytnLx5zeAQcy,sol,92.5,cex_funding|early_entry|jito_bundle|pump_and_dump,CJS2EN7zGiZhVAYXsHqdXQJvNk8niiH2ZR9oWcrNpump,23562.72
4ZbeUKGNZbLatj1nEmRaYjkQYCnNxj2a7yk9xreWWaDM,sol,92.5,cex_funding|early_entry|jito_bundle|pump_and_dump,DaBi5ZdRJSgZPu3qKe36zFRhpsnFexgKbL6CWx4gpump,31272.79
CCyVrhv9446H4UqGz6LmMb4WP7Vsgjji5wSUonVRrRsa,sol,92.5,cex_funding|early_entry|jito_bundle|pump_and_dump,7MqX5D55R8kJgxZGM7U18iifjQf2Kb9caZxaMHvfpump,4936.94
A6J9KzqvpjjE99Zy93uy3pccJZwHAit6DPJpmRPNNxGa,sol,92.5,cex_funding|early_entry|jito_bundle|pump_and_dump,DkQYd9q2p7VSruiKhj54wu4F9CbyqruCRKFewg3dpump,138446.79
9uVjb3SrDL3Yw3SKFNv3ijrBMUpnu5WXiEuq9NsPRbUw,sol,92.5,cex_funding|early_entry|jito_bundle|pump_and_dump,E7RPjc25KS22LFMgXKjwqZxK5WVwdGRKaUQRuVX6fWsY,2225.49
AQtxXcBPadEP2ejpgzk1fEZb18i5s9AYn32Xuda2mgyf,sol,92.5,cex_funding|early_entry|jito_bundle|pump_and_dump,DNsBHDTtw69dKCoMmiuDFndocnRn9q7m2nJPTL4qpump,33130.33
5KuVvdNviuznfM3Dyu72f9j9oKHu6Zps6qhJWBscZ5SQ,sol,92.5,cex_funding|early_entry|jito_bundle|pump_and_dump,CWTf2T6KTH3dx87Bn5tbKbwnoB3QEFTwb27dnWnruzjX,248522.83
RDjsvApuXbXhp5wgiSUcnFGodyx3nXDFTPG4mgQRFnn,sol,92.5,cex_funding|early_entry|jito_bundle|pump_and_dump,5mmu1g6HDSTtvsZW4YtHXmUWcdXCfTgzVYtcEDuAf2N3,10518.72
FK9zUhR7M189viomvPHq9NwwVbGrWn8Qres778U9AnwH,sol,92.5,cex_funding|early_entry|jito_bundle|pump_and_dump,5yGwhoX8xUXkwiTF8sna9bvfQTSd1YYG6CLjzQWypump,9482.86
DwvNjghdCz8WqaxoVtTMJR3iDRmxsuy51aLU7EDC44WN,sol,92.5,cex_funding|early_entry|jito_bundle|pump_and_dump,CYkwSfVgFPKNwNUG9rrikGQQ48HbB7LSF5yR3J6jpump,33403.62
8p7Z2M9tq4F1kL5n6uR8vX7yT9wQ2pM3kL4n5uR6vX7y,sol,88.5,early_entry,4dNj3ykr7iHv2AfjgkC9YesgUvCZ4qEJ7beQxy3RZ3XX,6660000.0
Snip1_4dNj3yvX7yT9wQ2pM3kL4n5uR6,sol,88.5,early_entry,4dNj3ykr7iHv2AfjgkC9YesgUvCZ4qEJ7beQxy3RZ3XX,6660000.0
Snip2_4dNj3yuR8vX7yT9wQ2pM3kL4n5,sol,88.5,early_entry,4dNj3ykr7iHv2AfjgkC9YesgUvCZ4qEJ7beQxy3RZ3XX,6660000.0
Snip3_4dNj3ykL5n6uR8vX7yT9wQ2pM3,sol,88.5,early_entry,4dNj3ykr7iHv2AfjgkC9YesgUvCZ4qEJ7beQxy3RZ3XX,6660000.0
2OJv9BAiHUHGuxuhvDtUbDYmgRspvtuSQUauuhBQ5TrV,sol,88.5,early_entry,7xKXtg2CW87d97TXJSDpbD5jBkheTqA83TZRuJosgAsU,8704260.0
Snip1_7xKXtgvX7yT9wQ2pM3kL4n5uR6,sol,88.5,early_entry,7xKXtg2CW87d97TXJSDpbD5jBkheTqA83TZRuJosgAsU,8704260.0
Snip2_7xKXtguR8vX7yT9wQ2pM3kL4n5,sol,88.5,early_entry,7xKXtg2CW87d97TXJSDpbD5jBkheTqA83TZRuJosgAsU,8704260.0
Snip3_7xKXtgkL5n6uR8vX7yT9wQ2pM3,sol,88.5,early_entry,7xKXtg2CW87d97TXJSDpbD5jBkheTqA83TZRuJosgAsU,8704260.0
9WzDXwBbmkg8ZTbNMqUxvQRAyrZzDsGYdLVL9zYtAWWM,sol,88.5,early_entry,3bRtZ8qW2pM3kL4n5uR6vX7yT9wQ2pM3kL4n5uR6vX7y,4452840.0
Snip1_3bRtZ8vX7yT9wQ2pM3kL4n5uR6,sol,88.5,early_entry,3bRtZ8qW2pM3kL4n5uR6vX7yT9wQ2pM3kL4n5uR6vX7y,4452840.0
Snip2_3bRtZ8uR8vX7yT9wQ2pM3kL4n5,sol,88.5,early_entry,3bRtZ8qW2pM3kL4n5uR6vX7yT9wQ2pM3kL4n5uR6vX7y,4452840.0
Snip3_3bRtZ8kL5n6uR8vX7yT9wQ2pM3,sol,88.5,early_entry,3bRtZ8qW2pM3kL4n5uR6vX7yT9wQ2pM3kL4n5uR6vX7y,4452840.0
6T8Yr9DUUS2R8GHevaeaZcoxA1Jku51ZBkmcM7NaZiNE,sol,88.5,early_entry,GYU4DrNqnBam2MPBuxxp86eqvY4wXdxKoPcXwN2X7AF2,885677.72
GZetT3iRmhuzuT1gkSk69MXMe8hRJZJGz1PPdKW1J2vq,sol,88.5,early_entry,FPPGF5RNgCvNzqrRqWrkgkL4YQhzqKMNVtD1kWk1ooqg|GYU4DrNqnBam2MPBuxxp86eqvY4wXdxKoPcXwN2X7AF2,9954778.37
3nLh14fRyZr1EBpp7jJqwBqKt8uLBFZ1rTmVTfLvnkfj,sol,88.5,early_entry,2SgRLprSBdkLrnRiqaCDw5avrRyYbrvZwyNbYgd3oAJm|2tGtqQ7Jvjgvh3S3r7miHFpvVyDxwbLoGWqtXfoh1AFJ|7uvLyn87LSxW2GdwdEeiwmSJwQLVrcVyo7SRVcLbbtGc|AH6Eusy2aJbcmAZsXQcdeoyA2wurEibqFLyD7h2FMTtg|B5frRtMDkN2pirLEDGTv3tu5xkn9QTxMHbwJtJgkm4LR|EwH6uQUqxkpcCNMQhZBYgfj4tzR2ob84SP1BxWgFHbR7|HqCa6XCRrzauqsxLGX7tbnU2MTNEZBGSD1p6zUYukknK,1346291.01
94dH3h1WhYaN9NpaAkLqFZHP7MvGKZWkJ2QYWUA9cWpH,sol,88.5,early_entry,7uvLyn87LSxW2GdwdEeiwmSJwQLVrcVyo7SRVcLbbtGc,312944.4
29UGJKYEw4AFv6KyVbWRVFDRXXfMgGo42Frt51WFioZW,sol,88.5,early_entry,7uvLyn87LSxW2GdwdEeiwmSJwQLVrcVyo7SRVcLbbtGc,4218413.4
AW2dHsACeYGW5wokBDt83hNNDv5zrDA3wLsxKhdWbzUT,sol,88.5,early_entry,7uvLyn87LSxW2GdwdEeiwmSJwQLVrcVyo7SRVcLbbtGc,4218413.4
Beqv6dzTcjV2eodo8RRXCiCcnSYrS1vkQKhfqwHXqeit,sol,88.5,early_entry,7uvLyn87LSxW2GdwdEeiwmSJwQLVrcVyo7SRVcLbbtGc,4218413.4
GpMZbSM2GgvTKHJirzeGfMFoaZ8UR2X7F4v8vHTvxFbL,sol,88.5,early_entry,3hchDZsUA6bdNSchqf5CWBjFxiZD1bFP2fbgJj39zgYy|7uvLyn87LSxW2GdwdEeiwmSJwQLVrcVyo7SRVcLbbtGc|FPPGF5RNgCvNzqrRqWrkgkL4YQhzqKMNVtD1kWk1ooqg|GYU4DrNqnBam2MPBuxxp86eqvY4wXdxKoPcXwN2X7AF2,9954778.37
69aiAKU3uJMxMLRkUEGFNt6nQ43PiVimE4ZbErJ7VSM1,sol,88.5,early_entry,4xjvmiKa5vzkQtaNrTV17v8PFU5mP69Hf1Kq5A9wpump,46636.51
Snip1_4xjvmivX7yT9wQ2pM3kL4n5uR6,sol,88.5,early_entry,4xjvmiKa5vzkQtaNrTV17v8PFU5mP69Hf1Kq5A9wpump,46636.51
Snip2_4xjvmiuR8vX7yT9wQ2pM3kL4n5,sol,88.5,early_entry,4xjvmiKa5vzkQtaNrTV17v8PFU5mP69Hf1Kq5A9wpump,46636.51
Snip3_4xjvmikL5n6uR8vX7yT9wQ2pM3,sol,88.5,early_entry,4xjvmiKa5vzkQtaNrTV17v8PFU5mP69Hf1Kq5A9wpump,46636.51
5KXDF6QnqhBj72hDtJNkkpFaQVUfbFXNybMsp3DiK6tD,sol,88.5,early_entry,3hchDZsUA6bdNSchqf5CWBjFxiZD1bFP2fbgJj39zgYy|4dNj3ykr7iHv2AfjgkC9YesgUvCZ4qEJ7beQxy3RZ3XX|AH6Eusy2aJbcmAZsXQcdeoyA2wurEibqFLyD7h2FMTtg|EwH6uQUqxkpcCNMQhZBYgfj4tzR2ob84SP1BxWgFHbR7|FPPGF5RNgCvNzqrRqWrkgkL4YQhzqKMNVtD1kWk1ooqg|GYU4DrNqnBam2MPBuxxp86eqvY4wXdxKoPcXwN2X7AF2,9954778.37
B9Zbs2W9VK22AHnCWiK4PqBueDFzN17RNAFu5uFozLMJ,sol,88.5,early_entry,7uvLyn87LSxW2GdwdEeiwmSJwQLVrcVyo7SRVcLbbtGc,179821.35
Snip1_7uvLynvX7yT9wQ2pM3kL4n5uR6,sol,88.5,early_entry,7uvLyn87LSxW2GdwdEeiwmSJwQLVrcVyo7SRVcLbbtGc,179821.35
Snip2_7uvLynuR8vX7yT9wQ2pM3kL4n5,sol,88.5,early_entry,7uvLyn87LSxW2GdwdEeiwmSJwQLVrcVyo7SRVcLbbtGc,179821.35
Snip3_7uvLynkL5n6uR8vX7yT9wQ2pM3,sol,88.5,early_entry,7uvLyn87LSxW2GdwdEeiwmSJwQLVrcVyo7SRVcLbbtGc,179821.35
2Kd5AufDotptAKqgDMB4Aa1egisDLzNwYHSVCQhdmMvM,sol,88.5,early_entry,FPPGF5RNgCvNzqrRqWrkgkL4YQhzqKMNVtD1kWk1ooqg,2978220.19
6PL6vuYyQLbCfa5argnQaZKiDXX75pwMV1GB4WyhCCpP,sol,88.5,early_entry,FPPGF5RNgCvNzqrRqWrkgkL4YQhzqKMNVtD1kWk1ooqg,2978220.19
7ioEZjdGdciB2jS79Rc8yqrsYanf2Q1YejHjNcQZLkER,sol,88.5,early_entry,FPPGF5RNgCvNzqrRqWrkgkL4YQhzqKMNVtD1kWk1ooqg,2978220.19
9514oGZBz33AdcDS1Vxp77ZNMzi3CZ2WG2yJKGJFZEx1,sol,88.5,early_entry,FPPGF5RNgCvNzqrRqWrkgkL4YQhzqKMNVtD1kWk1ooqg,2978220.19
BJEmzVa1vT7HuD12S4Etg9YecCXbBFnw6wRMm6g24MfJ,sol,88.5,early_entry,FPPGF5RNgCvNzqrRqWrkgkL4YQhzqKMNVtD1kWk1ooqg,2978220.19
CyaE1VxvBrahnPWkqm5VsdCvyS2QmNht2UFrKJHga54o,sol,88.5,early_entry,FPPGF5RNgCvNzqrRqWrkgkL4YQhzqKMNVtD1kWk1ooqg,2978220.19
EQaxqKT3N981QBmdSUGNzAGK5S26zUwAdRHhBCgn87zD,sol,88.5,early_entry,3T4ZBX6amaLpSWe8MpVpgUhaniVq93ATNXcPeNzVTxJV|FPPGF5RNgCvNzqrRqWrkgkL4YQhzqKMNVtD1kWk1ooqg,2978220.19
HWaKJXeHTBRn9r1tQFcGSf1Z7o4iExYyrvyMTwYgseXF,sol,88.5,early_entry,FPPGF5RNgCvNzqrRqWrkgkL4YQhzqKMNVtD1kWk1ooqg,2978220.19
2HdMUxayPKVUxEqb2jP9m1LVFJ4bnEACXAKsSEyaLcjT,sol,88.5,early_entry,3hchDZsUA6bdNSchqf5CWBjFxiZD1bFP2fbgJj39zgYy|4dNj3ykr7iHv2AfjgkC9YesgUvCZ4qEJ7beQxy3RZ3XX,121094.28
2b2N2p7xCS9ibDqxwYgXpDSTniJwwye7n93WYuzmr74s,sol,88.5,early_entry,3hchDZsUA6bdNSchqf5CWBjFxiZD1bFP2fbgJj39zgYy|4dNj3ykr7iHv2AfjgkC9YesgUvCZ4qEJ7beQxy3RZ3XX,121094.28
2huXTbjeBhtMZ1ugNwUGucYBRasRaaiypymUX6P1Kwjx,sol,88.5,early_entry,3hchDZsUA6bdNSchqf5CWBjFxiZD1bFP2fbgJj39zgYy|4dNj3ykr7iHv2AfjgkC9YesgUvCZ4qEJ7beQxy3RZ3XX,607294.03
3BLjRcxWGtR7WRshJ3hL25U3RjWr5Ud98wMcczQqk4Ei,sol,88.5,early_entry,3hchDZsUA6bdNSchqf5CWBjFxiZD1bFP2fbgJj39zgYy|4dNj3ykr7iHv2AfjgkC9YesgUvCZ4qEJ7beQxy3RZ3XX,121094.28
3i6Np3pfYUtZynhQgUDwfu6UB8DNvYGdvw5KBxYneZuW,sol,88.5,early_entry,3hchDZsUA6bdNSchqf5CWBjFxiZD1bFP2fbgJj39zgYy|4dNj3ykr7iHv2AfjgkC9YesgUvCZ4qEJ7beQxy3RZ3XX,121094.28
3uBYziAkNABsSPWyZdZmaVe58SopgQwTLGQZhYNZD9rN,sol,88.5,early_entry,3hchDZsUA6bdNSchqf5CWBjFxiZD1bFP2fbgJj39zgYy|4dNj3ykr7iHv2AfjgkC9YesgUvCZ4qEJ7beQxy3RZ3XX,121094.28
62qEWURTpb8RNqoPCrjaoRcfU4PneigVKbiuGtin2Wb4,sol,88.5,early_entry,3hchDZsUA6bdNSchqf5CWBjFxiZD1bFP2fbgJj39zgYy|4dNj3ykr7iHv2AfjgkC9YesgUvCZ4qEJ7beQxy3RZ3XX,121094.28
67vWXyBNCsupT8WSxGszAyMdUnbgycK4hah2jv1DhwRM,sol,88.5,early_entry,3hchDZsUA6bdNSchqf5CWBjFxiZD1bFP2fbgJj39zgYy|4dNj3ykr7iHv2AfjgkC9YesgUvCZ4qEJ7beQxy3RZ3XX,121094.28
6tNGLUAUfje3eTD6EAfpggFgjeuQMNbnU3K4hUM4aYky,sol,88.5,early_entry,3hchDZsUA6bdNSchqf5CWBjFxiZD1bFP2fbgJj39zgYy|4dNj3ykr7iHv2AfjgkC9YesgUvCZ4qEJ7beQxy3RZ3XX,121094.28
7iZV5CmjMVf381U473HoXCt2MrUzL91iMPkLGaH2zRTW,sol,88.5,early_entry,2c1weSacxYkxF5xAFSzdYQXoFp3XcjimXyaGSioTnpRs|3hchDZsUA6bdNSchqf5CWBjFxiZD1bFP2fbgJj39zgYy|4PHwxC2YCQqgK67oX786PDVwVmP4oVFnaS8ukhxBriZx|4dNj3ykr7iHv2AfjgkC9YesgUvCZ4qEJ7beQxy3RZ3XX,121094.28
88mgFb4ihfsCHKouz68VwTXz8RWdvin9WrCw19eNUd5D,sol,88.5,early_entry,3hchDZsUA6bdNSchqf5CWBjFxiZD1bFP2fbgJj39zgYy|4dNj3ykr7iHv2AfjgkC9YesgUvCZ4qEJ7beQxy3RZ3XX,121094.28
ATVyQDqnSVp6i7qN7JjDah3N68rVEVHAUXAq1wZ5HKBX,sol,88.5,early_entry,3hchDZsUA6bdNSchqf5CWBjFxiZD1bFP2fbgJj39zgYy|4dNj3ykr7iHv2AfjgkC9YesgUvCZ4qEJ7beQxy3RZ3XX,121094.28
AoHDkihE63RaWBKCrWgzK1yKNdxTVcwrnnHVnZD9Eu5p,sol,88.5,early_entry,3hchDZsUA6bdNSchqf5CWBjFxiZD1bFP2fbgJj39zgYy|4dNj3ykr7iHv2AfjgkC9YesgUvCZ4qEJ7beQxy3RZ3XX,121094.28
Cv5GgkpXvtXcsrMcKCJvx46BpMjiM61mpPU1j8RbbbVL,sol,88.5,early_entry,3hchDZsUA6bdNSchqf5CWBjFxiZD1bFP2fbgJj39zgYy|4dNj3ykr7iHv2AfjgkC9YesgUvCZ4qEJ7beQxy3RZ3XX,121094.28
DBVCma5RMds41oKgkQBp6dWqbVLKrYJmZ9twQ1enxMVr,sol,88.5,early_entry,3hchDZsUA6bdNSchqf5CWBjFxiZD1bFP2fbgJj39zgYy|4dNj3ykr7iHv2AfjgkC9YesgUvCZ4qEJ7beQxy3RZ3XX,121094.28
DqctCtRmBjbGa4ZnwWFE9WntCT4W1c8ysbK9AKru5ubo,sol,88.5,early_entry,3hchDZsUA6bdNSchqf5CWBjFxiZD1bFP2fbgJj39zgYy|4dNj3ykr7iHv2AfjgkC9YesgUvCZ4qEJ7beQxy3RZ3XX,121094.28
EArQZbNCTQ8JDHNbCsoFVJK9qESqeiHguGtTSuT8kAXR,sol,88.5,early_entry,3hchDZsUA6bdNSchqf5CWBjFxiZD1bFP2fbgJj39zgYy|4dNj3ykr7iHv2AfjgkC9YesgUvCZ4qEJ7beQxy3RZ3XX|B5frRtMDkN2pirLEDGTv3tu5xkn9QTxMHbwJtJgkm4LR,121094.28
ELE9beUmF7jPEfZ22i59Pfh8fe96doVZABqCiQhEJFLw,sol,88.5,early_entry,3hchDZsUA6bdNSchqf5CWBjFxiZD1bFP2fbgJj39zgYy|4dNj3ykr7iHv2AfjgkC9YesgUvCZ4qEJ7beQxy3RZ3XX,121094.28
ERy2nC8zTACBnCcpS3cjZPA8dmBzkoZNT9ENmwRr5RT7,sol,88.5,early_entry,3hchDZsUA6bdNSchqf5CWBjFxiZD1bFP2fbgJj39zgYy|4dNj3ykr7iHv2AfjgkC9YesgUvCZ4qEJ7beQxy3RZ3XX,121094.28
GD6bp9ohY4YHRgBpZPfK7AFuCPjLNbrcT1mw192uDNBr,sol,88.5,early_entry,3hchDZsUA6bdNSchqf5CWBjFxiZD1bFP2fbgJj39zgYy|4dNj3ykr7iHv2AfjgkC9YesgUvCZ4qEJ7beQxy3RZ3XX,121094.28
GhJ4DhSKiewqgV4W34BZPDptdiV3o15xAG4cc6VmFjUz,sol,88.5,early_entry,3hchDZsUA6bdNSchqf5CWBjFxiZD1bFP2fbgJj39zgYy|4dNj3ykr7iHv2AfjgkC9YesgUvCZ4qEJ7beQxy3RZ3XX,121094.28
H1amCsPpkfknVf7t1Q14BBBQb32Kbq6nUmfFBtoo9D2h,sol,88.5,early_entry,3hchDZsUA6bdNSchqf5CWBjFxiZD1bFP2fbgJj39zgYy|4dNj3ykr7iHv2AfjgkC9YesgUvCZ4qEJ7beQxy3RZ3XX,121094.28
HARGTZkiCNQTdSS9yR2tXi97XQnP53ss6h9yT1jHdJdv,sol,88.5,early_entry,3hchDZsUA6bdNSchqf5CWBjFxiZD1bFP2fbgJj39zgYy|4dNj3ykr7iHv2AfjgkC9YesgUvCZ4qEJ7beQxy3RZ3XX,121094.28
SLoWPaXdRLHMu1hbRKU5ephmKC6dJZNWPCzU2zewJyf,sol,88.5,early_entry,3hchDZsUA6bdNSchqf5CWBjFxiZD1bFP2fbgJj39zgYy|4dNj3ykr7iHv2AfjgkC9YesgUvCZ4qEJ7beQxy3RZ3XX,121094.28
q1x4ZBM4suUaMB8BjsHpVH5dwyUtEnRY8QB8kzvCQ9z,sol,88.5,early_entry,3hchDZsUA6bdNSchqf5CWBjFxiZD1bFP2fbgJj39zgYy|4dNj3ykr7iHv2AfjgkC9YesgUvCZ4qEJ7beQxy3RZ3XX,121094.28
GT5au36AvFTxc4yfRHh1dMWkLtsxDRHz2VW5MmvcKjM7,sol,88.5,early_entry,2Ecj4UJjegEcjCEPFMuXJprFUD8HMVphqTg2Qtm5pump,69428.82
Snip1_2Ecj4UvX7yT9wQ2pM3kL4n5uR6,sol,88.5,early_entry,2Ecj4UJjegEcjCEPFMuXJprFUD8HMVphqTg2Qtm5pump,69428.82
Snip2_2Ecj4UuR8vX7yT9wQ2pM3kL4n5,sol,88.5,early_entry,2Ecj4UJjegEcjCEPFMuXJprFUD8HMVphqTg2Qtm5pump,69428.82
Snip3_2Ecj4UkL5n6uR8vX7yT9wQ2pM3,sol,88.5,early_entry,2Ecj4UJjegEcjCEPFMuXJprFUD8HMVphqTg2Qtm5pump,69428.82
2foWU7z1634VvBruH8EMqiCnszrbJUq1T6yHMm3bHSfG,sol,88.5,early_entry,GpUkmLHWPZkBFYjNiwrhuqoFXaoxB6cF2WYKgFbPpump,44229.65
Snip1_GpUkmLvX7yT9wQ2pM3kL4n5uR6,sol,88.5,early_entry,GpUkmLHWPZkBFYjNiwrhuqoFXaoxB6cF2WYKgFbPpump,44229.65
Snip2_GpUkmLuR8vX7yT9wQ2pM3kL4n5,sol,88.5,early_entry,GpUkmLHWPZkBFYjNiwrhuqoFXaoxB6cF2WYKgFbPpump,44229.65
Snip3_GpUkmLkL5n6uR8vX7yT9wQ2pM3,sol,88.5,early_entry,GpUkmLHWPZkBFYjNiwrhuqoFXaoxB6cF2WYKgFbPpump,44229.65
49Yyz9ipjwQmVr4TZCrcCgoQru2AEyUJjemG1XzTHs39,sol,88.5,early_entry,7xKXtg2CW87d97TXJSDpbD5jBkheTqA83TZRuJosgAsU,21870.0
5LDQNF2DRwuABwvKUYTj9b4oteJc9sJXjFn4Z2Wx3sdv,sol,88.5,early_entry,7xKXtg2CW87d97TXJSDpbD5jBkheTqA83TZRuJosgAsU,21870.0
jziajfb8YEJ9JDPUW7Y11vLCVhhDYHTRt1bm4ytVtH9,sol,88.5,early_entry,7xKXtg2CW87d97TXJSDpbD5jBkheTqA83TZRuJosgAsU,21870.0
yuaDwCrq2CYTqUr24TWyW4b45mLYyNAYVGJLu5NMhAz,sol,88.5,early_entry,7xKXtg2CW87d97TXJSDpbD5jBkheTqA83TZRuJosgAsU,21870.0
2pidmg2QDs8j98W4ZZrPNgTiMdzbqmRxtFLjbkX2i6ic,sol,72.0,early_entry,4xjvmiKa5vzkQtaNrTV17v8PFU5mP69Hf1Kq5A9wpump,497120.54
ATqUAWgDSZB7yABNiRM9dwnzXuH3X7Kgt7DNZzoecTMx,sol,72.0,early_entry,4xjvmiKa5vzkQtaNrTV17v8PFU5mP69Hf1Kq5A9wpump,497120.54
BSzpGGB3AMwtW126RT3Z27STSBrVjKV5A96H4BsUKdtD,sol,72.0,early_entry,4xjvmiKa5vzkQtaNrTV17v8PFU5mP69Hf1Kq5A9wpump,497120.54
D8dcDxKMqCUWUeBdmRb5YoiG1juCRkSwm4yaipfcuBhE,sol,72.0,early_entry,4xjvmiKa5vzkQtaNrTV17v8PFU5mP69Hf1Kq5A9wpump,497120.54
DkGP2fZvskdYLKB1zMo1zTWqw9wKMPvqAPEm24bw2WGY,sol,72.0,early_entry,4xjvmiKa5vzkQtaNrTV17v8PFU5mP69Hf1Kq5A9wpump,497120.54
215nhcAHjQQGgwpQSJQ7zR26etbjjtVdW74NLzwEgQjP,sol,72.0,early_entry,3EAX8K22K3P3Z8JGUcuPbuwtQTcf5ddURo2LdGq2cryp,37495.04
2oAL6zmNJhZjmaJxXPSNgjiXNvJRB5j2qFZAkpXH8yvU,sol,72.0,early_entry,3EAX8K22K3P3Z8JGUcuPbuwtQTcf5ddURo2LdGq2cryp,37495.04
8FTbyGUpGbJM4mekCoS3jsKoHTAkq4sWopBKLNpqDKbE,sol,72.0,early_entry,3EAX8K22K3P3Z8JGUcuPbuwtQTcf5ddURo2LdGq2cryp,37495.04
CSUrgfPJm77H5KT7jAe1pB7xDX1v2bcMsJGKsvpbwaNk,sol,72.0,early_entry,2tGtqQ7Jvjgvh3S3r7miHFpvVyDxwbLoGWqtXfoh1AFJ|3EAX8K22K3P3Z8JGUcuPbuwtQTcf5ddURo2LdGq2cryp|B5frRtMDkN2pirLEDGTv3tu5xkn9QTxMHbwJtJgkm4LR,92573.01
Hf2p1Y2yejDvYJmtZM9SbDG6fn5GiRq5Z6pGzfVSUeJM,sol,72.0,early_entry,3EAX8K22K3P3Z8JGUcuPbuwtQTcf5ddURo2LdGq2cryp,37495.04
13ZAuLHrBtXiu1xT18btkzmRPEsfEGEvB2ebpa3LosEG,sol,72.0,early_entry,7SDX5bwtUnBDQPyP6C6YgVRSLWysfkwXbZLG4dccpump,246980.7
25qd11UV8NeVxXVuTzpxSr1SYie9eptnGTi8ECAAvVhT,sol,72.0,early_entry,7SDX5bwtUnBDQPyP6C6YgVRSLWysfkwXbZLG4dccpump,246980.7
2YL7dPUMfgrx87XYSbJMZHthZgG8wa2TBgL9WrFA59da,sol,72.0,early_entry,7SDX5bwtUnBDQPyP6C6YgVRSLWysfkwXbZLG4dccpump,246980.7
9sbQtd6k6C4K1niZqDZaC3L9JSgbSmWv1HghTiZ9Pqau,sol,72.0,early_entry,7SDX5bwtUnBDQPyP6C6YgVRSLWysfkwXbZLG4dccpump,246980.7
AyjN61z9woqTRDxT3zmZSEq7uFnW4a2LeeP9s8X81jE3,sol,72.0,early_entry,6HcHZQTL99VqNJ5THkMJCqx2oH2FowthW268jfKxpump|7SDX5bwtUnBDQPyP6C6YgVRSLWysfkwXbZLG4dccpump,246980.7
CgGsJd7SqLfAcRuRdRwATRaXACcGRjNiqNZzciXB7Ycc,sol,72.0,early_entry,7HyhyvKTumueuzzaGgpYkduKd3uCjFBm6WQQvLU6pump|7SDX5bwtUnBDQPyP6C6YgVRSLWysfkwXbZLG4dccpump,246980.7
FVTmnrj4Axqdu5Bg7ePr1e6cy5eGMU9drko7Rv7efdM8,sol,72.0,early_entry,7SDX5bwtUnBDQPyP6C6YgVRSLWysfkwXbZLG4dccpump,246980.7
HHKuYTFSF4DnZxmUoWrJGwCK2iGVSPoVQF799UnfLKbs,sol,72.0,early_entry,6HcHZQTL99VqNJ5THkMJCqx2oH2FowthW268jfKxpump|7SDX5bwtUnBDQPyP6C6YgVRSLWysfkwXbZLG4dccpump,246980.7
HPjJ1AwVbvGy3hZxQrovkZLz7cryk6C3XHBZZv1DpNkN,sol,72.0,early_entry,3EAX8K22K3P3Z8JGUcuPbuwtQTcf5ddURo2LdGq2cryp,17172.94
Snip1_3EAX8KvX7yT9wQ2pM3kL4n5uR6,sol,72.0,early_entry,3EAX8K22K3P3Z8JGUcuPbuwtQTcf5ddURo2LdGq2cryp,17172.94
Snip2_3EAX8KuR8vX7yT9wQ2pM3kL4n5,sol,72.0,early_entry,3EAX8K22K3P3Z8JGUcuPbuwtQTcf5ddURo2LdGq2cryp,17172.94
Snip3_3EAX8KkL5n6uR8vX7yT9wQ2pM3,sol,72.0,early_entry,3EAX8K22K3P3Z8JGUcuPbuwtQTcf5ddURo2LdGq2cryp,17172.94
B2sBZdwhHEon7Wgm4Aj3NG593tJGJohpM6adforRjmnA,sol,72.0,early_entry,7SDX5bwtUnBDQPyP6C6YgVRSLWysfkwXbZLG4dccpump,59841.45
Snip1_7SDX5bvX7yT9wQ2pM3kL4n5uR6,sol,72.0,early_entry,7SDX5bwtUnBDQPyP6C6YgVRSLWysfkwXbZLG4dccpump,59841.45
Snip2_7SDX5buR8vX7yT9wQ2pM3kL4n5,sol,72.0,early_entry,7SDX5bwtUnBDQPyP6C6YgVRSLWysfkwXbZLG4dccpump,59841.45
Snip3_7SDX5bkL5n6uR8vX7yT9wQ2pM3,sol,72.0,early_entry,7SDX5bwtUnBDQPyP6C6YgVRSLWysfkwXbZLG4dccpump,59841.45
CGMRykiaYyjTGNjfJrsfg2CKa5AvHjYVC4AgKXEWcWeA,sol,72.0,early_entry,HqCa6XCRrzauqsxLGX7tbnU2MTNEZBGSD1p6zUYukknK,64961.96
Snip1_HqCa6XvX7yT9wQ2pM3kL4n5uR6,sol,72.0,early_entry,HqCa6XCRrzauqsxLGX7tbnU2MTNEZBGSD1p6zUYukknK,64961.96
Snip2_HqCa6XuR8vX7yT9wQ2pM3kL4n5,sol,72.0,early_entry,HqCa6XCRrzauqsxLGX7tbnU2MTNEZBGSD1p6zUYukknK,64961.96
Snip3_HqCa6XkL5n6uR8vX7yT9wQ2pM3,sol,72.0,early_entry,HqCa6XCRrzauqsxLGX7tbnU2MTNEZBGSD1p6zUYukknK,64961.96
1R1PqpCnsesq5Kw8TFUzGSe47PYa5JgzYUDzDvKvdZT,sol,72.0,early_entry,HqCa6XCRrzauqsxLGX7tbnU2MTNEZBGSD1p6zUYukknK,1346291.01
3HWEqtPnx1z4oDMTxfA66pfhK7Gm8KF2LKhSPbKgPgdJ,sol,72.0,early_entry,HqCa6XCRrzauqsxLGX7tbnU2MTNEZBGSD1p6zUYukknK,1346291.01
59EsAE9CT7wJmZPQiciT3F8THsoPS5V88eLj4YYBs6xX,sol,72.0,early_entry,HqCa6XCRrzauqsxLGX7tbnU2MTNEZBGSD1p6zUYukknK,1346291.01
6Fbd5wmfBfm4syxJsvYTWZkT7BAwFUEx6gm1c7GGJbkP,sol,72.0,early_entry,HqCa6XCRrzauqsxLGX7tbnU2MTNEZBGSD1p6zUYukknK,1346291.01
6HWdKP2H9bRnW7iZ4JdPsuE81cmWkZ1gNwAGLFAN8oHN,sol,72.0,early_entry,HqCa6XCRrzauqsxLGX7tbnU2MTNEZBGSD1p6zUYukknK,1346291.01
6XYBYVdb5Gzegx8SbnKqxooM1DgLqvRCucH77NfPf6wb,sol,72.0,early_entry,HqCa6XCRrzauqsxLGX7tbnU2MTNEZBGSD1p6zUYukknK,1346291.01
89zUMyp1kSwdSVDDMH1qYdtf4XCWhfged16FzQMsXbvb,sol,72.0,early_entry,HqCa6XCRrzauqsxLGX7tbnU2MTNEZBGSD1p6zUYukknK,1346291.01
8PeRkXZpMbcYcx3KD2KvR7K7EhToKmiMdk7iTDcL7xo,sol,72.0,early_entry,HqCa6XCRrzauqsxLGX7tbnU2MTNEZBGSD1p6zUYukknK,1346291.01
8ZXnRVHWzcqgy54q6WUQKfAqfk6fZTYfK9BV37XjNcAf,sol,72.0,early_entry,HqCa6XCRrzauqsxLGX7tbnU2MTNEZBGSD1p6zUYukknK,1346291.01
BtkMizPEUh7nV5uSGwLyRhHD8hiZHzdxiYBvd66TiwmJ,sol,72.0,early_entry,HqCa6XCRrzauqsxLGX7tbnU2MTNEZBGSD1p6zUYukknK,1346291.01
DdudBcN4ZNrCW5cRgRb4c8P7e2JezqvstQCWnzXNtrSg,sol,72.0,early_entry,HqCa6XCRrzauqsxLGX7tbnU2MTNEZBGSD1p6zUYukknK,1346291.01
FRnCwxrExtHV3Q8dgNq9mm4Eb6S3aQZZiNQ8BBHBhMye,sol,72.0,early_entry,HqCa6XCRrzauqsxLGX7tbnU2MTNEZBGSD1p6zUYukknK,1346291.01
FXhemnbkXmoHrxw9jNcL1tUDLfC66a5f8JbbPzc49UsJ,sol,72.0,early_entry,HqCa6XCRrzauqsxLGX7tbnU2MTNEZBGSD1p6zUYukknK,1346291.01
FbiBbTBP2Vs7b3j74eBsAYFpxWms11m23DeGmYcc8Yoo,sol,72.0,early_entry,HqCa6XCRrzauqsxLGX7tbnU2MTNEZBGSD1p6zUYukknK,1346291.01
H1PtUMCSYCvFZGnw58MujWHD4ynJchzEVuoA32VRGihL,sol,72.0,early_entry,HqCa6XCRrzauqsxLGX7tbnU2MTNEZBGSD1p6zUYukknK,1346291.01
HfHQMpegCZDgLDtr2Cwr4ugcCPXRrxkMtFArLWbSz2tB,sol,72.0,early_entry,AcroMrzU1kGmzTVRgsYgh1x6gcAVR8cefZFKvk81pump,74253.1
Snip1_AcroMrvX7yT9wQ2pM3kL4n5uR6,sol,72.0,early_entry,AcroMrzU1kGmzTVRgsYgh1x6gcAVR8cefZFKvk81pump,74253.1
Snip2_AcroMruR8vX7yT9wQ2pM3kL4n5,sol,72.0,early_entry,AcroMrzU1kGmzTVRgsYgh1x6gcAVR8cefZFKvk81pump,74253.1
Snip3_AcroMrkL5n6uR8vX7yT9wQ2pM3,sol,72.0,early_entry,AcroMrzU1kGmzTVRgsYgh1x6gcAVR8cefZFKvk81pump,74253.1
4p7SeR6361WJ4T4icgsYTnzAUzfA5NwM4CwYD9kMBjuK,sol,72.0,early_entry,37pj9xmhcV7JTXp4MKFCx2veohq5HhD1uMNyBonbpump|AcroMrzU1kGmzTVRgsYgh1x6gcAVR8cefZFKvk81pump|Fx1szQQ4S7o9fgsaLjDR9a86TyKqq7LXjdvUjWJ1pump,3976276.32
9geEeDgp2FpbCbfEx2rxFBTjAb9TrUXAfkBH7UoKknLP,sol,72.0,early_entry,37pj9xmhcV7JTXp4MKFCx2veohq5HhD1uMNyBonbpump|AcroMrzU1kGmzTVRgsYgh1x6gcAVR8cefZFKvk81pump|Fx1szQQ4S7o9fgsaLjDR9a86TyKqq7LXjdvUjWJ1pump,3976276.32
9CNyLECt2j8tnDhqxtjYk5HUhZ2b8Nwnyb7sfYN7vND2,sol,72.0,early_entry,FPPGF5RNgCvNzqrRqWrkgkL4YQhzqKMNVtD1kWk1ooqg|GYU4DrNqnBam2MPBuxxp86eqvY4wXdxKoPcXwN2X7AF2,9954778.37
DkAJvpX9iZX58xTBnNbjfofJvEdSg8JWGEq9iAi1gXFP,sol,72.0,early_entry,FPPGF5RNgCvNzqrRqWrkgkL4YQhzqKMNVtD1kWk1ooqg|GYU4DrNqnBam2MPBuxxp86eqvY4wXdxKoPcXwN2X7AF2,9954778.37
HbWedv1a2jnYLUEXDLyJ1jnoMMn25mRdQQg8vvQshAPc,sol,72.0,early_entry,FPPGF5RNgCvNzqrRqWrkgkL4YQhzqKMNVtD1kWk1ooqg|GYU4DrNqnBam2MPBuxxp86eqvY4wXdxKoPcXwN2X7AF2,9954778.37
J9oehT3iADgMEHdizdna3XnHLpps1gjzEgPxVLfAJnvP,sol,72.0,early_entry,FPPGF5RNgCvNzqrRqWrkgkL4YQhzqKMNVtD1kWk1ooqg|GYU4DrNqnBam2MPBuxxp86eqvY4wXdxKoPcXwN2X7AF2,9954778.37
4MTfzGdrCkgTcBmGn12homk2GPQm7spWKXVBo2NAqUGV,sol,72.0,early_entry,ERgezJ3dtnivUSsi5c5b85ie53YyQBebqGNngibktiBT,133864.96
4XqYSrhf33K43SZxKmQ1DWRkdwDT4r4TuaV5yhUVA1jB,sol,72.0,early_entry,ERgezJ3dtnivUSsi5c5b85ie53YyQBebqGNngibktiBT,133864.96
4ZbNYBvUMPxWmnNvMHtmDXRAVsU4LzogTCfqA1LFUC8h,sol,72.0,early_entry,ERgezJ3dtnivUSsi5c5b85ie53YyQBebqGNngibktiBT,133864.96
8ajo9xzYBHfRcMnYqftzBGJmmvJeAD5VSkDZjdebM95p,sol,72.0,early_entry,ERgezJ3dtnivUSsi5c5b85ie53YyQBebqGNngibktiBT,133864.96
9p2XkGPhRoFdkaW29JdzWMXKHF2dvpyQ8XpfJm8XB1Lp,sol,72.0,early_entry,ERgezJ3dtnivUSsi5c5b85ie53YyQBebqGNngibktiBT,133864.96
ACfZKRGDZjG7c5BETuvGTEXXPDDZoPESTxFVFUsKLim6,sol,72.0,early_entry,ERgezJ3dtnivUSsi5c5b85ie53YyQBebqGNngibktiBT,133864.96
ATgN6yV6x1XwR14nPjTNDsk5pJvBcNmaZvT5zNrGqzCb,sol,72.0,early_entry,ERgezJ3dtnivUSsi5c5b85ie53YyQBebqGNngibktiBT,133864.96
BHREKFkPQgAtDs8Vb1UfLkUpjG6ScidTjHaCWFuG2AtX,sol,72.0,early_entry,ERgezJ3dtnivUSsi5c5b85ie53YyQBebqGNngibktiBT,133864.96
BdQrYAdz4rSkidForuwHrF8KnTZKDLFbiroBWid8RLnj,sol,72.0,early_entry,ERgezJ3dtnivUSsi5c5b85ie53YyQBebqGNngibktiBT,133864.96
CsxpvZnCaVyFeia6y3VXJXowRdJrvceRX9myAYUpUQwr,sol,72.0,early_entry,ERgezJ3dtnivUSsi5c5b85ie53YyQBebqGNngibktiBT,133864.96
DwY6hfryz7DLtdVENVGT7i8VQxNLzLdkoSaTTWzHcodM,sol,72.0,early_entry,ERgezJ3dtnivUSsi5c5b85ie53YyQBebqGNngibktiBT,133864.96
EYbPnbqKjs2EBfPiAyMDgA2K1jpgFbybNDVjviScGwGW,sol,72.0,early_entry,ERgezJ3dtnivUSsi5c5b85ie53YyQBebqGNngibktiBT,133864.96
Ed6VyXj8oP7tFvYyd5jwLzt58qw7aY8LnFHuvwRgPMXp,sol,72.0,early_entry,ERgezJ3dtnivUSsi5c5b85ie53YyQBebqGNngibktiBT,133864.96
Ee69r8RR8pGPJWNwZqELtEEDxiLHNa8x4tYHmX2vVVii,sol,72.0,early_entry,ERgezJ3dtnivUSsi5c5b85ie53YyQBebqGNngibktiBT,133864.96
FyxZC3WB6XK91yPWKsKYRVGaQuviwKGtH9tzh3FWercv,sol,72.0,early_entry,ERgezJ3dtnivUSsi5c5b85ie53YyQBebqGNngibktiBT,133864.96
7ADhSgqxrSg3QLPDg1684Q3D6Ex22CCXTJ9nQTBLf1g,sol,72.0,early_entry,BmHUnfPpSbxmJdddf6ZQrrbQgNigorQdypLt4CuWpump|DLNpTjZ2214ZwXNWiik3cpNdodcWFTjeU1RdMaCbpump,253498.95
8F6eJVFQEj3wCdhByFL6PzjPwNkhRu7xkM8a4r4fmK4P,sol,72.0,early_entry,BmHUnfPpSbxmJdddf6ZQrrbQgNigorQdypLt4CuWpump|DLNpTjZ2214ZwXNWiik3cpNdodcWFTjeU1RdMaCbpump,253498.95
9R3m89gXeC6BWc2aN9CFqWDZA5WUJP3umQUerC7gjoFs,sol,72.0,early_entry,BmHUnfPpSbxmJdddf6ZQrrbQgNigorQdypLt4CuWpump|DLNpTjZ2214ZwXNWiik3cpNdodcWFTjeU1RdMaCbpump,253498.95
AAr7tzEBod9bF4Ug3urddK51PcDvCUiXD8DyHtPjjWAo,sol,72.0,early_entry,BmHUnfPpSbxmJdddf6ZQrrbQgNigorQdypLt4CuWpump|DLNpTjZ2214ZwXNWiik3cpNdodcWFTjeU1RdMaCbpump,253498.95
AuGSXcEsRhatS3m4VyzS5Ty7L1jeCVnjPCPwqd3k1KFF,sol,72.0,early_entry,BmHUnfPpSbxmJdddf6ZQrrbQgNigorQdypLt4CuWpump|DLNpTjZ2214ZwXNWiik3cpNdodcWFTjeU1RdMaCbpump,253498.95
BFkUirVPW9LdN336M4LJ6HFCMExCfY37xkn2ro2tc1Kd,sol,72.0,early_entry,BmHUnfPpSbxmJdddf6ZQrrbQgNigorQdypLt4CuWpump|DLNpTjZ2214ZwXNWiik3cpNdodcWFTjeU1RdMaCbpump,253498.95
CC9QBrTdkjFhSTwDCra5DSrb13PMCrSKQqTFtWevAJ3S,sol,72.0,early_entry,BmHUnfPpSbxmJdddf6ZQrrbQgNigorQdypLt4CuWpump|DLNpTjZ2214ZwXNWiik3cpNdodcWFTjeU1RdMaCbpump,253498.95
EZEE5NVg4LovZJckk3y4PiXHhkAtBpDdVMNarzZJGKNv,sol,72.0,early_entry,BmHUnfPpSbxmJdddf6ZQrrbQgNigorQdypLt4CuWpump|DLNpTjZ2214ZwXNWiik3cpNdodcWFTjeU1RdMaCbpump,253498.95
G3NM8jURY7GMfweMsBQagzLPYubYhSJwxqwBTXZSwQt2,sol,72.0,early_entry,BmHUnfPpSbxmJdddf6ZQrrbQgNigorQdypLt4CuWpump|DLNpTjZ2214ZwXNWiik3cpNdodcWFTjeU1RdMaCbpump,253498.95
Hx6HcjfniPHSRJWZCMnJ9e7q2e6FasKb8mtLztJd9L23,sol,72.0,early_entry,BmHUnfPpSbxmJdddf6ZQrrbQgNigorQdypLt4CuWpump|DLNpTjZ2214ZwXNWiik3cpNdodcWFTjeU1RdMaCbpump,253498.95
cATq48AALCiD2hECKZDgKHp3VoSHbXc4aDxSzgQLbc3,sol,72.0,early_entry,BmHUnfPpSbxmJdddf6ZQrrbQgNigorQdypLt4CuWpump|DLNpTjZ2214ZwXNWiik3cpNdodcWFTjeU1RdMaCbpump|Dgyos9VCr3CT4z3UMGT981ydwr8myee4yb4gDLPapump,253498.95
29qqWVwpdDewVUTk3PmbM17cPfT88sZuSfyXPkyiEoCa,sol,72.0,early_entry,GCCrZvokbtv8NSxUrGiA5dede3ynmHGtp5qgCs1Kpump,501083.33
3HtUaXywMidxAYLRqAznrX8AucJqFXPWEWVNuLhcpbCa,sol,72.0,early_entry,GCCrZvokbtv8NSxUrGiA5dede3ynmHGtp5qgCs1Kpump,501083.33
4woDX6ehJLH8mKpv5WxTz6Rj4kSGKH47J87irNtksFC2,sol,72.0,early_entry,GCCrZvokbtv8NSxUrGiA5dede3ynmHGtp5qgCs1Kpump,501083.33
6bqKmbitpAAa56EiJd86NniXrEemfe9K5K7q82TuGFNX,sol,72.0,early_entry,GCCrZvokbtv8NSxUrGiA5dede3ynmHGtp5qgCs1Kpump,501083.33
AmvTNsBEA1GPijEnwLBL4Z4HvUwEtVWtLrLTFzEsk1UG,sol,72.0,early_entry,GCCrZvokbtv8NSxUrGiA5dede3ynmHGtp5qgCs1Kpump,501083.33
H4R2c7rwEfABQaAhnodrjj9nCvj1ejNC6NJbuD4hFwHK,sol,72.0,early_entry,BmHUnfPpSbxmJdddf6ZQrrbQgNigorQdypLt4CuWpump,18009.85
6TYB4axzjHntqk5Ut3GVAcaurFM7XLJnoFKjs7axaaDt,sol,72.0,early_entry,47hhrSdVGu5hBhCdbhkYRM3x2JavHc1qFr2ew7HTpump|4df7syChXeQyoG68dv3Cpz2czDkYGtLapGm4V6q1pump|CPBAPP9Tg8iymSJympB8V52joRfn1yYXCJA9yXu4pump,2188138.14
7iCgmAePZca7gmCCsFCQaBEvMkPHkv4MWriSjSWgsqyL,sol,72.0,early_entry,47hhrSdVGu5hBhCdbhkYRM3x2JavHc1qFr2ew7HTpump|4df7syChXeQyoG68dv3Cpz2czDkYGtLapGm4V6q1pump|CPBAPP9Tg8iymSJympB8V52joRfn1yYXCJA9yXu4pump,2188138.14
8MPy8CXZZutrVkKUHoz6GuzqsuxHsZZ5vJqnVhprtT9b,sol,72.0,early_entry,2tGtqQ7Jvjgvh3S3r7miHFpvVyDxwbLoGWqtXfoh1AFJ,92573.01
9S4wWgJ9NsmALZm1h8cVv3gGkD7v8BhCRuAeeZyrSEYA,sol,72.0,early_entry,2tGtqQ7Jvjgvh3S3r7miHFpvVyDxwbLoGWqtXfoh1AFJ,92573.01
Ao9D9xuKxhHfTGCd3ZeBPJ3aBRUAicKKnXZ3feH6uuGC,sol,72.0,early_entry,2tGtqQ7Jvjgvh3S3r7miHFpvVyDxwbLoGWqtXfoh1AFJ,92573.01
ApD5vgnZ7WrWgiHP51Z5pN4YnYEK8JTScH3k8pAUZzSh,sol,72.0,early_entry,2tGtqQ7Jvjgvh3S3r7miHFpvVyDxwbLoGWqtXfoh1AFJ,92573.01
CDujVuyheykHEtwP2JGsZ1diXURf4txmh3kr5UUbk3VR,sol,72.0,early_entry,2tGtqQ7Jvjgvh3S3r7miHFpvVyDxwbLoGWqtXfoh1AFJ,92573.01
DP8nVyQAbKEoaRiFXxb66ER6B7Qi2wJA3WFP4MTTeEKa,sol,72.0,early_entry,2tGtqQ7Jvjgvh3S3r7miHFpvVyDxwbLoGWqtXfoh1AFJ,92573.01
FBpGqjxw9t1MKwDSGFWr8efUqxCsSmWy1NRCxFzyqnmu,sol,72.0,early_entry,2tGtqQ7Jvjgvh3S3r7miHFpvVyDxwbLoGWqtXfoh1AFJ,92573.01
Ht3zCzZ4inTYAefXDMwe25hzwtkt45PsLCxD5gZyGKcr,sol,72.0,early_entry,2tGtqQ7Jvjgvh3S3r7miHFpvVyDxwbLoGWqtXfoh1AFJ,92573.01
2nteonz78cGYTjxJon54fJJuDFEGkgxfwuKDVFGep7fB,sol,72.0,early_entry,58iugexLihoYGRBGUwmREkTNRgR7nHQJzFfMVN3EF262,15471.94
7fdsycPYgxFCfuzEeDmZyzkokYfpA5VKcSBrhMjToU3e,sol,72.0,early_entry,58iugexLihoYGRBGUwmREkTNRgR7nHQJzFfMVN3EF262,15471.94
BKsFsf3quA2ZdQYsC2HcA95Bqejdj1kkwgXJ76N3capd,sol,72.0,early_entry,58iugexLihoYGRBGUwmREkTNRgR7nHQJzFfMVN3EF262,15471.94
Gs5sDahxeYoqhwAujX9fufJWYdysW6cK4nFitmvZNSJM,sol,72.0,early_entry,58iugexLihoYGRBGUwmREkTNRgR7nHQJzFfMVN3EF262,15471.94
4G9JAzftaydKjB2558MLnkYw175KMN6NGGgyxkeRuwwA,sol,72.0,early_entry,4nvTx1LgWMEyc3y3ymBNWMJb7odJsfLejDwYdTAspump|68mnkwmrAroHiZDvMU9AHBwruHWoNF4BZ2EhafHHpump|DLC42seBA9vV87BFMzhium2xUqZyTZbqR125ALAEpump|E6wzVRyYXfSypD5wG8kuTms5NdTyx3dzsdnya7dKpump,3570326.19
6tzAKfHtQA4zLwgaXn97kU5C1dYsKcRy8XZhZUWmWU23,sol,72.0,early_entry,4nvTx1LgWMEyc3y3ymBNWMJb7odJsfLejDwYdTAspump|68mnkwmrAroHiZDvMU9AHBwruHWoNF4BZ2EhafHHpump|DLC42seBA9vV87BFMzhium2xUqZyTZbqR125ALAEpump|E6wzVRyYXfSypD5wG8kuTms5NdTyx3dzsdnya7dKpump,3570326.19
HTKJZdX2wjH41q2MSq5VYNCtwER33nGM2xtcSUfP8FW3,sol,72.0,early_entry,47hhrSdVGu5hBhCdbhkYRM3x2JavHc1qFr2ew7HTpump,72031.45
Snip1_47hhrSvX7yT9wQ2pM3kL4n5uR6,sol,72.0,early_entry,47hhrSdVGu5hBhCdbhkYRM3x2JavHc1qFr2ew7HTpump,72031.45
Snip2_47hhrSuR8vX7yT9wQ2pM3kL4n5,sol,72.0,early_entry,47hhrSdVGu5hBhCdbhkYRM3x2JavHc1qFr2ew7HTpump,72031.45
Snip3_47hhrSkL5n6uR8vX7yT9wQ2pM3,sol,72.0,early_entry,47hhrSdVGu5hBhCdbhkYRM3x2JavHc1qFr2ew7HTpump,72031.45
JqmwD8skeqVgBFLdEZiPyJpmrrW73Q9hUrNxPa2JdzK,sol,72.0,early_entry,68mnkwmrAroHiZDvMU9AHBwruHWoNF4BZ2EhafHHpump,188090.01
Snip1_68mnkwvX7yT9wQ2pM3kL4n5uR6,sol,72.0,early_entry,68mnkwmrAroHiZDvMU9AHBwruHWoNF4BZ2EhafHHpump,188090.01
Snip2_68mnkwuR8vX7yT9wQ2pM3kL4n5,sol,72.0,early_entry,68mnkwmrAroHiZDvMU9AHBwruHWoNF4BZ2EhafHHpump,188090.01
Snip3_68mnkwkL5n6uR8vX7yT9wQ2pM3,sol,72.0,early_entry,68mnkwmrAroHiZDvMU9AHBwruHWoNF4BZ2EhafHHpump,188090.01
13MQVUZGWq4T5jR4ypbDkzfeNn2FACsNmvdaqjp8gzoP,sol,72.0,early_entry,AH6Eusy2aJbcmAZsXQcdeoyA2wurEibqFLyD7h2FMTtg|EwH6uQUqxkpcCNMQhZBYgfj4tzR2ob84SP1BxWgFHbR7,214096.28
2Q7jVrLKRaiDnuzDCbWNM9RwmYB5jxzTZtG3HKDLTaBq,sol,72.0,early_entry,AH6Eusy2aJbcmAZsXQcdeoyA2wurEibqFLyD7h2FMTtg|EwH6uQUqxkpcCNMQhZBYgfj4tzR2ob84SP1BxWgFHbR7,214096.28
3SkBCx49BsK64h6tssBBJZ1WNvpiLdnhnXNmJtP46d7b,sol,72.0,early_entry,1mPMPjAdyonab99YqPs2QoN9nRsosNe6hnQovK5P3xz|AH6Eusy2aJbcmAZsXQcdeoyA2wurEibqFLyD7h2FMTtg|EvchpvEQi6vSP2bAqq2mfkmnfKjweMky82dWicAhbr5z|EwH6uQUqxkpcCNMQhZBYgfj4tzR2ob84SP1BxWgFHbR7,1513295.73
3h65MmPZksoKKyEpEjnWU2Yk2iYT5oZDNitGy5cTaxoE,sol,72.0,early_entry,2Ecj4UJjegEcjCEPFMuXJprFUD8HMVphqTg2Qtm5pump|3e6to4qrHByU19Sij9DVKPB4AQD5RuyhH2Sj2ESLpump|AH6Eusy2aJbcmAZsXQcdeoyA2wurEibqFLyD7h2FMTtg|EwH6uQUqxkpcCNMQhZBYgfj4tzR2ob84SP1BxWgFHbR7,1204576.17
4BdKaxN8G6ka4GYtQQWk4G4dZRUTX2vQH9GcXdBREFUk,sol,72.0,early_entry,AH6Eusy2aJbcmAZsXQcdeoyA2wurEibqFLyD7h2FMTtg|B5frRtMDkN2pirLEDGTv3tu5xkn9QTxMHbwJtJgkm4LR|EwH6uQUqxkpcCNMQhZBYgfj4tzR2ob84SP1BxWgFHbR7,214096.28
5H9TFMJYypjZSVRTQ8iQiopUnX5Tfebdr7o2qV6LoEsW,sol,72.0,early_entry,AH6Eusy2aJbcmAZsXQcdeoyA2wurEibqFLyD7h2FMTtg|EwH6uQUqxkpcCNMQhZBYgfj4tzR2ob84SP1BxWgFHbR7,214096.28
5dns2QaC5DYFXXPCcpvourAfMgfJGUPPFsvGPwaKv2rX,sol,72.0,early_entry,AH6Eusy2aJbcmAZsXQcdeoyA2wurEibqFLyD7h2FMTtg|EwH6uQUqxkpcCNMQhZBYgfj4tzR2ob84SP1BxWgFHbR7,214096.28
5mGLCZETWJESP8hU3FMMrcgZUddvp1MXHnkfokG5eTSE,sol,72.0,early_entry,AH6Eusy2aJbcmAZsXQcdeoyA2wurEibqFLyD7h2FMTtg|EwH6uQUqxkpcCNMQhZBYgfj4tzR2ob84SP1BxWgFHbR7,214096.28
5q2WSmsRbFLBSAJw3d9AbWoPTC8i1PeMLnXWYxFHe98c,sol,72.0,early_entry,AH6Eusy2aJbcmAZsXQcdeoyA2wurEibqFLyD7h2FMTtg|EwH6uQUqxkpcCNMQhZBYgfj4tzR2ob84SP1BxWgFHbR7,214096.28
5tv9ASgnMQJB7W92TzxY4uS44Qv9ms6gCxyjqUYaDKii,sol,72.0,early_entry,AH6Eusy2aJbcmAZsXQcdeoyA2wurEibqFLyD7h2FMTtg|C2yUFYGox1ggub6eVfWC8hgxCSyuVDisbizjZ5xtpump|EwH6uQUqxkpcCNMQhZBYgfj4tzR2ob84SP1BxWgFHbR7,214096.28
6KR3eB1NvxqXp4etyNdsMi7CFGU3S3iEkzzfhGDgtqLX,sol,72.0,early_entry,AH6Eusy2aJbcmAZsXQcdeoyA2wurEibqFLyD7h2FMTtg|EwH6uQUqxkpcCNMQhZBYgfj4tzR2ob84SP1BxWgFHbR7,214096.28
6Zmbt1ydM5w1jC2Rvi4wUn7RND6XDdPRWdFgQhj8Xhy3,sol,72.0,early_entry,AH6Eusy2aJbcmAZsXQcdeoyA2wurEibqFLyD7h2FMTtg|EwH6uQUqxkpcCNMQhZBYgfj4tzR2ob84SP1BxWgFHbR7,214096.28
7361Jjj22K5WSDjL8oVDD6CTVhc3WdCe2cEJ9ZDWE1o9,sol,72.0,early_entry,AH6Eusy2aJbcmAZsXQcdeoyA2wurEibqFLyD7h2FMTtg|EwH6uQUqxkpcCNMQhZBYgfj4tzR2ob84SP1BxWgFHbR7,214096.28
7ErGPoL7KPaZwAMmANYuLP4bwBKcpYyTZ9bksgecDE2K,sol,72.0,early_entry,AH6Eusy2aJbcmAZsXQcdeoyA2wurEibqFLyD7h2FMTtg|EwH6uQUqxkpcCNMQhZBYgfj4tzR2ob84SP1BxWgFHbR7,214096.28
7JnfhxHNk5yxYZiJH3t7eCSVw2dKU7YSx37n155tWWS5,sol,72.0,early_entry,AH6Eusy2aJbcmAZsXQcdeoyA2wurEibqFLyD7h2FMTtg|EwH6uQUqxkpcCNMQhZBYgfj4tzR2ob84SP1BxWgFHbR7,214096.28
7WuT7rKcKSG9DFa9NaXoRxW1WKwZQBzadny6Dci9MrkE,sol,72.0,early_entry,AH6Eusy2aJbcmAZsXQcdeoyA2wurEibqFLyD7h2FMTtg|EwH6uQUqxkpcCNMQhZBYgfj4tzR2ob84SP1BxWgFHbR7,214096.28
84pm8CVBrVyTCgG9TwP9hacMB2PaoMdd2R4nFPgqRTuc,sol,72.0,early_entry,AH6Eusy2aJbcmAZsXQcdeoyA2wurEibqFLyD7h2FMTtg|EwH6uQUqxkpcCNMQhZBYgfj4tzR2ob84SP1BxWgFHbR7,214096.28
97K6nsFhBWDKwQf6heDDhDtsCRC4779LPHSFZkc2zqK4,sol,72.0,early_entry,2Ecj4UJjegEcjCEPFMuXJprFUD8HMVphqTg2Qtm5pump|4PHwxC2YCQqgK67oX786PDVwVmP4oVFnaS8ukhxBriZx|5jNQu2eAUqCTQ4r5xiNPXecj8dSjW5rGAHxvya9cr6Sn|6j7EwvRcC2Z2mDn7z6r3cufCkdhnoRnJzi5DjxVyRo7C|AH6Eusy2aJbcmAZsXQcdeoyA2wurEibqFLyD7h2FMTtg|EwH6uQUqxkpcCNMQhZBYgfj4tzR2ob84SP1BxWgFHbR7,277105.61
9bznRVmdeZ3PteMWQTqPzDLxMunvBbjX7dHE6GhFdLDp,sol,72.0,early_entry,AH6Eusy2aJbcmAZsXQcdeoyA2wurEibqFLyD7h2FMTtg|EwH6uQUqxkpcCNMQhZBYgfj4tzR2ob84SP1BxWgFHbR7,214096.28
ASpFjLgXh8HSdZmnr3czPyCm9dHL3QcsanWsXVwfsSos,sol,72.0,early_entry,AH6Eusy2aJbcmAZsXQcdeoyA2wurEibqFLyD7h2FMTtg|EwH6uQUqxkpcCNMQhZBYgfj4tzR2ob84SP1BxWgFHbR7,214096.28
Aaz2sDzEYbJbF9vLswQzen2YDyG9ctLJFXyWfw9UahHv,sol,72.0,early_entry,AH6Eusy2aJbcmAZsXQcdeoyA2wurEibqFLyD7h2FMTtg|EwH6uQUqxkpcCNMQhZBYgfj4tzR2ob84SP1BxWgFHbR7,214096.28
BKb83WYxdL3cP7Kb7W6itinhyxMTQhmAkAgEJdW4Ws3i,sol,72.0,early_entry,AH6Eusy2aJbcmAZsXQcdeoyA2wurEibqFLyD7h2FMTtg|EwH6uQUqxkpcCNMQhZBYgfj4tzR2ob84SP1BxWgFHbR7,214096.28
C2G8Z1irRnDj4aXRirkUvXd5UYSW7cf2GdeHtgLGTthK,sol,72.0,early_entry,AH6Eusy2aJbcmAZsXQcdeoyA2wurEibqFLyD7h2FMTtg|EwH6uQUqxkpcCNMQhZBYgfj4tzR2ob84SP1BxWgFHbR7,214096.28
CFonibyQteFxnoy2fLbbwY91fyUMzRFxc5JqXDsTBssJ,sol,72.0,early_entry,AH6Eusy2aJbcmAZsXQcdeoyA2wurEibqFLyD7h2FMTtg|EwH6uQUqxkpcCNMQhZBYgfj4tzR2ob84SP1BxWgFHbR7,214096.28
Ci4qecoTMPkkhXSr7Ttw8tp4sF5i8BhQtKKE26vDR8RZ,sol,72.0,early_entry,AH6Eusy2aJbcmAZsXQcdeoyA2wurEibqFLyD7h2FMTtg|EwH6uQUqxkpcCNMQhZBYgfj4tzR2ob84SP1BxWgFHbR7,214096.28
D6fpcyds6LdvzcnvBvMkWAn1qW2L6UCN2a9TNYsyuMWg,sol,72.0,early_entry,AH6Eusy2aJbcmAZsXQcdeoyA2wurEibqFLyD7h2FMTtg|EwH6uQUqxkpcCNMQhZBYgfj4tzR2ob84SP1BxWgFHbR7,214096.28
DJ6jFZj7YKAFQ63tQrUD7j8JwCNK1TnhMm1zVBn9yQwD,sol,72.0,early_entry,AH6Eusy2aJbcmAZsXQcdeoyA2wurEibqFLyD7h2FMTtg|EwH6uQUqxkpcCNMQhZBYgfj4tzR2ob84SP1BxWgFHbR7,214096.28
DXnC7GQoUF2ewWumvvQWSPUkbrQX5kqU5tpjbxSUVYsW,sol,72.0,early_entry,AH6Eusy2aJbcmAZsXQcdeoyA2wurEibqFLyD7h2FMTtg|EwH6uQUqxkpcCNMQhZBYgfj4tzR2ob84SP1BxWgFHbR7,214096.28
Ds9dxhVehqYrkwMLYt9o1pDYQuU3XX3g7XdoEtptBBWP,sol,72.0,early_entry,AH6Eusy2aJbcmAZsXQcdeoyA2wurEibqFLyD7h2FMTtg|EwH6uQUqxkpcCNMQhZBYgfj4tzR2ob84SP1BxWgFHbR7,214096.28
FPYufmQZCucmfjmL4YQCP8DZTFC9BULz8uLS23BsyzMA,sol,72.0,early_entry,AH6Eusy2aJbcmAZsXQcdeoyA2wurEibqFLyD7h2FMTtg|EwH6uQUqxkpcCNMQhZBYgfj4tzR2ob84SP1BxWgFHbR7,214096.28
Fx51ifvSmRWDvJvDUgR8VaF6aWxCL7Ttcc2GXEPskHuS,sol,72.0,early_entry,AH6Eusy2aJbcmAZsXQcdeoyA2wurEibqFLyD7h2FMTtg|EwH6uQUqxkpcCNMQhZBYgfj4tzR2ob84SP1BxWgFHbR7,214096.28
GLv45A9aEknpjQ47XUX13tU8M1Bxwx5kRhWyDrSaiJUV,sol,72.0,early_entry,AH6Eusy2aJbcmAZsXQcdeoyA2wurEibqFLyD7h2FMTtg|EwH6uQUqxkpcCNMQhZBYgfj4tzR2ob84SP1BxWgFHbR7,214096.28
GTLLN1nkjBFFXmu4EGs3ACFKfJXHzGXveSdUngDiAn7V,sol,72.0,early_entry,2SgRLprSBdkLrnRiqaCDw5avrRyYbrvZwyNbYgd3oAJm|AH6Eusy2aJbcmAZsXQcdeoyA2wurEibqFLyD7h2FMTtg|EwH6uQUqxkpcCNMQhZBYgfj4tzR2ob84SP1BxWgFHbR7,214096.28
GXwsPY12Y7TxNZ3KJEz38bmRC3Zo4kKmRMHTQNyYQ115,sol,72.0,early_entry,AH6Eusy2aJbcmAZsXQcdeoyA2wurEibqFLyD7h2FMTtg|EwH6uQUqxkpcCNMQhZBYgfj4tzR2ob84SP1BxWgFHbR7,214096.28
GxsSfMgqGQPxHLhVTkU7DerV17jfbNzpZ4k4jExRgjSS,sol,72.0,early_entry,AH6Eusy2aJbcmAZsXQcdeoyA2wurEibqFLyD7h2FMTtg|EwH6uQUqxkpcCNMQhZBYgfj4tzR2ob84SP1BxWgFHbR7,214096.28
GxyWuFqgc4fHkCRkgpocxoaLkAcbMA2Y6E2aVEaTCcP2,sol,72.0,early_entry,AH6Eusy2aJbcmAZsXQcdeoyA2wurEibqFLyD7h2FMTtg|EwH6uQUqxkpcCNMQhZBYgfj4tzR2ob84SP1BxWgFHbR7,214096.28
H3UFsHvynUG3h7HtJSMpuyPvPBjqdkEW4YfAz8RgDQTB,sol,72.0,early_entry,AH6Eusy2aJbcmAZsXQcdeoyA2wurEibqFLyD7h2FMTtg|EwH6uQUqxkpcCNMQhZBYgfj4tzR2ob84SP1BxWgFHbR7,214096.28
HHmsBpDZU6VtjV9G1pEVVaTV8FKaVcwVDMmiWpdUwwyy,sol,72.0,early_entry,AH6Eusy2aJbcmAZsXQcdeoyA2wurEibqFLyD7h2FMTtg|EwH6uQUqxkpcCNMQhZBYgfj4tzR2ob84SP1BxWgFHbR7,214096.28
HMjMJZsQp6ykQyNSk8ZdmcJnNg5w9tRdU3q1DG3sW4ag,sol,72.0,early_entry,AH6Eusy2aJbcmAZsXQcdeoyA2wurEibqFLyD7h2FMTtg|EwH6uQUqxkpcCNMQhZBYgfj4tzR2ob84SP1BxWgFHbR7,214096.28
HbX6u6QdUiXAD7r2QL9QBBc3NhoDjq2WbDxypK9dqw8k,sol,72.0,early_entry,AH6Eusy2aJbcmAZsXQcdeoyA2wurEibqFLyD7h2FMTtg|EwH6uQUqxkpcCNMQhZBYgfj4tzR2ob84SP1BxWgFHbR7,214096.28
PMJA8UQDyWTFw2Smhyp9jGA6aTaP7jKHR7BPudrgyYN,sol,72.0,early_entry,2c1weSacxYkxF5xAFSzdYQXoFp3XcjimXyaGSioTnpRs|AH6Eusy2aJbcmAZsXQcdeoyA2wurEibqFLyD7h2FMTtg|EwH6uQUqxkpcCNMQhZBYgfj4tzR2ob84SP1BxWgFHbR7,214096.28
ardinRsN1mNYVeoJWTBsWeYeXvuR9UUDGMsCDKpb6AT,sol,72.0,early_entry,1mPMPjAdyonab99YqPs2QoN9nRsosNe6hnQovK5P3xz|2c1weSacxYkxF5xAFSzdYQXoFp3XcjimXyaGSioTnpRs|AH6Eusy2aJbcmAZsXQcdeoyA2wurEibqFLyD7h2FMTtg|EvchpvEQi6vSP2bAqq2mfkmnfKjweMky82dWicAhbr5z|EwH6uQUqxkpcCNMQhZBYgfj4tzR2ob84SP1BxWgFHbR7,1513295.73
5Tqvhy56v1kCRmVzi6jWtwXjdcQSoKyGFXTSeMe7Qjas,sol,72.0,early_entry,3hchDZsUA6bdNSchqf5CWBjFxiZD1bFP2fbgJj39zgYy,607294.03
6F2CfFowmLf5xVzi9JhakSU3P8pGkyZ6D2xmrQeLqYWs,sol,72.0,early_entry,3hchDZsUA6bdNSchqf5CWBjFxiZD1bFP2fbgJj39zgYy,607294.03
ASTvMwBbXG1yzbWTjY5BHmUPA96aAffJDeZukncwmti9,sol,72.0,early_entry,3hchDZsUA6bdNSchqf5CWBjFxiZD1bFP2fbgJj39zgYy,607294.03
BnNMkMRhQmAd56KPN9141ULX9HhPmQrkSzYxr8CCPbyX,sol,72.0,early_entry,3hchDZsUA6bdNSchqf5CWBjFxiZD1bFP2fbgJj39zgYy,607294.03
BppAybtGUwgMLQmhRx2yKmr3jX2SWDJWEQiwEtBw5Bh3,sol,72.0,early_entry,3hchDZsUA6bdNSchqf5CWBjFxiZD1bFP2fbgJj39zgYy,607294.03
C8XfXrChczdqWcEpByKiHj15gSyFpscSGAGN1a6EQdA1,sol,72.0,early_entry,3hchDZsUA6bdNSchqf5CWBjFxiZD1bFP2fbgJj39zgYy,607294.03
FhFNBAq7K4QcmscrMbUpKzwBovoKHaoSphbGHkt8vg5W,sol,72.0,early_entry,3hchDZsUA6bdNSchqf5CWBjFxiZD1bFP2fbgJj39zgYy,607294.03
28xHW6VjgJPr7YiKuF9AVLPSyjXuwG4ze6aiUsrGVRz1,sol,72.0,early_entry,1mPMPjAdyonab99YqPs2QoN9nRsosNe6hnQovK5P3xz|EvchpvEQi6vSP2bAqq2mfkmnfKjweMky82dWicAhbr5z,1513295.73
2HLxs7YvCtP1yu6XhesmrN9jLRZcAGmPLtbXAs7Dtgc8,sol,72.0,early_entry,1mPMPjAdyonab99YqPs2QoN9nRsosNe6hnQovK5P3xz|EvchpvEQi6vSP2bAqq2mfkmnfKjweMky82dWicAhbr5z,1513295.73
2UoZHvfBUB2UjiDcnfhczrukqrfBWTu5JeTqLaAHSzVo,sol,72.0,early_entry,1mPMPjAdyonab99YqPs2QoN9nRsosNe6hnQovK5P3xz|EvchpvEQi6vSP2bAqq2mfkmnfKjweMky82dWicAhbr5z,1513295.73
2mpYrCv8XifEaB1JsaRZwiGkKpQP6V6DpHdomnLLGud5,sol,72.0,early_entry,1mPMPjAdyonab99YqPs2QoN9nRsosNe6hnQovK5P3xz|EvchpvEQi6vSP2bAqq2mfkmnfKjweMky82dWicAhbr5z,1513295.73
35mZWrCkMRH8wUFfinDBTsL72oEw46LSDwSdH7hMhuu7,sol,72.0,early_entry,1mPMPjAdyonab99YqPs2QoN9nRsosNe6hnQovK5P3xz|EvchpvEQi6vSP2bAqq2mfkmnfKjweMky82dWicAhbr5z,1513295.73
3DEzZtXF7zHyYu535JhyjjqnM1MW8bPN7R4XhNH1VYxJ,sol,72.0,early_entry,1mPMPjAdyonab99YqPs2QoN9nRsosNe6hnQovK5P3xz|EvchpvEQi6vSP2bAqq2mfkmnfKjweMky82dWicAhbr5z,1513295.73
3qE2esRU7EVeRy1Bz7PdcgWEVrRjxyTwDmFB6cGCiwDW,sol,72.0,early_entry,1mPMPjAdyonab99YqPs2QoN9nRsosNe6hnQovK5P3xz|EvchpvEQi6vSP2bAqq2mfkmnfKjweMky82dWicAhbr5z,1513295.73
4d8c4sgB9iTTorEc1hvQ9Fp2gZ2oTnp4q2zQgvjSpfeT,sol,72.0,early_entry,1mPMPjAdyonab99YqPs2QoN9nRsosNe6hnQovK5P3xz|EvchpvEQi6vSP2bAqq2mfkmnfKjweMky82dWicAhbr5z,1513295.73
4qivKqjeHZtM9SDpqJesZBo4TisbM1u9WqjdcHedUTfP,sol,72.0,early_entry,1mPMPjAdyonab99YqPs2QoN9nRsosNe6hnQovK5P3xz|EvchpvEQi6vSP2bAqq2mfkmnfKjweMky82dWicAhbr5z,1513295.73
5GWLHRuDazbrvmaN4NWW5yWSZMrf3RVXukhJGPDgEjk,sol,72.0,early_entry,1mPMPjAdyonab99YqPs2QoN9nRsosNe6hnQovK5P3xz|6j7EwvRcC2Z2mDn7z6r3cufCkdhnoRnJzi5DjxVyRo7C|EvchpvEQi6vSP2bAqq2mfkmnfKjweMky82dWicAhbr5z,1513295.73
5PbdkK8cEk1Cc6JsAnWjrrs3a3oSYvotayxsur5Aqa1s,sol,72.0,early_entry,1mPMPjAdyonab99YqPs2QoN9nRsosNe6hnQovK5P3xz|EvchpvEQi6vSP2bAqq2mfkmnfKjweMky82dWicAhbr5z,1513295.73
5c95hof5MDS4AZrMjAUGa6VxWuL63jAXCaWSatP31rNd,sol,72.0,early_entry,1mPMPjAdyonab99YqPs2QoN9nRsosNe6hnQovK5P3xz|EvchpvEQi6vSP2bAqq2mfkmnfKjweMky82dWicAhbr5z,1513295.73
5j2AiKMwdtWXvySPncQAZ55YK26qqsetZoB7HYPEGVU1,sol,72.0,early_entry,1mPMPjAdyonab99YqPs2QoN9nRsosNe6hnQovK5P3xz|EvchpvEQi6vSP2bAqq2mfkmnfKjweMky82dWicAhbr5z,1513295.73
6AhH7XGofKCU3NGrYNGA8DFmFdw7CtY34CzfTs3u99sm,sol,72.0,early_entry,1mPMPjAdyonab99YqPs2QoN9nRsosNe6hnQovK5P3xz|EvchpvEQi6vSP2bAqq2mfkmnfKjweMky82dWicAhbr5z,1513295.73
6XmsPu5EjvHZXbMMDrmkFw4H4H2gtmzAUXkm1g62GKm9,sol,72.0,early_entry,1mPMPjAdyonab99YqPs2QoN9nRsosNe6hnQovK5P3xz|EvchpvEQi6vSP2bAqq2mfkmnfKjweMky82dWicAhbr5z,1513295.73
6kH7CfAyKTjNWFfpyADzi6jJeJn8ZLFsXZAkYf9ySoDH,sol,72.0,early_entry,1mPMPjAdyonab99YqPs2QoN9nRsosNe6hnQovK5P3xz|EvchpvEQi6vSP2bAqq2mfkmnfKjweMky82dWicAhbr5z,1513295.73
6xoMmnnZk9shraKJWm2iwiGrFjvvp5J34NEnoymT2ZYL,sol,72.0,early_entry,1mPMPjAdyonab99YqPs2QoN9nRsosNe6hnQovK5P3xz|EvchpvEQi6vSP2bAqq2mfkmnfKjweMky82dWicAhbr5z,1513295.73
777NtBUTG9tVu8Zp1YuuF3T2Hxi9cJzbbG67cHWi1aZ5,sol,72.0,early_entry,1mPMPjAdyonab99YqPs2QoN9nRsosNe6hnQovK5P3xz|EvchpvEQi6vSP2bAqq2mfkmnfKjweMky82dWicAhbr5z,1513295.73
7Dv2LpxmhA1j7c3z4e989eXLL5tuC2cVXoURsWqdUjYW,sol,72.0,early_entry,1mPMPjAdyonab99YqPs2QoN9nRsosNe6hnQovK5P3xz|EvchpvEQi6vSP2bAqq2mfkmnfKjweMky82dWicAhbr5z,1513295.73
7Q2Vd4ZsRJV6nxUY1cqs7HGp8Mg46GKm9EoiMktZZZhA,sol,72.0,early_entry,1mPMPjAdyonab99YqPs2QoN9nRsosNe6hnQovK5P3xz|EvchpvEQi6vSP2bAqq2mfkmnfKjweMky82dWicAhbr5z,1513295.73
7RmcvonEb7L7AaN2fWyMkmRk2CNJVsQ3XWF2kScLUqr,sol,72.0,early_entry,1mPMPjAdyonab99YqPs2QoN9nRsosNe6hnQovK5P3xz|EvchpvEQi6vSP2bAqq2mfkmnfKjweMky82dWicAhbr5z,1513295.73
7WpEMRyV2Drs7FRNeD9XpdT3nCpqyqj2QYyVSJ4XKYnn,sol,72.0,early_entry,1mPMPjAdyonab99YqPs2QoN9nRsosNe6hnQovK5P3xz|EvchpvEQi6vSP2bAqq2mfkmnfKjweMky82dWicAhbr5z,1513295.73
8Hpvf2PK83EVBKSKEYmKWXJaZGQx8zpZE72yv1kbsDPT,sol,72.0,early_entry,1mPMPjAdyonab99YqPs2QoN9nRsosNe6hnQovK5P3xz|EvchpvEQi6vSP2bAqq2mfkmnfKjweMky82dWicAhbr5z,1513295.73
93htq4NWPBtFH8nBHyFBU9SCR4nazjuxz3GRaARUqZ2q,sol,72.0,early_entry,1mPMPjAdyonab99YqPs2QoN9nRsosNe6hnQovK5P3xz|EvchpvEQi6vSP2bAqq2mfkmnfKjweMky82dWicAhbr5z,1513295.73
99RxJbcPdJWanCDwdpucwWRfhTfhwL5jysLvNfeVb9Ri,sol,72.0,early_entry,1mPMPjAdyonab99YqPs2QoN9nRsosNe6hnQovK5P3xz|EvchpvEQi6vSP2bAqq2mfkmnfKjweMky82dWicAhbr5z,1513295.73
9cAz6WUKH4UNqzv6uT7TWitp8QHExBoFt3cTqrPBLGFq,sol,72.0,early_entry,1mPMPjAdyonab99YqPs2QoN9nRsosNe6hnQovK5P3xz|EvchpvEQi6vSP2bAqq2mfkmnfKjweMky82dWicAhbr5z,1513295.73
ACwmExDs6aoyiWoeRAgzLRUFUrUgcpWYqA5rQkhcbDTg,sol,72.0,early_entry,1mPMPjAdyonab99YqPs2QoN9nRsosNe6hnQovK5P3xz|B5frRtMDkN2pirLEDGTv3tu5xkn9QTxMHbwJtJgkm4LR|EvchpvEQi6vSP2bAqq2mfkmnfKjweMky82dWicAhbr5z,1513295.73
ATfaX2WXm9ijtJvTHim7LSzPbidfoQFxJDu7ddb77vZg,sol,72.0,early_entry,1mPMPjAdyonab99YqPs2QoN9nRsosNe6hnQovK5P3xz|5jNQu2eAUqCTQ4r5xiNPXecj8dSjW5rGAHxvya9cr6Sn|EvchpvEQi6vSP2bAqq2mfkmnfKjweMky82dWicAhbr5z,1513295.73
AVHEv1TPkYanmyhp4e4R3YpNEHNT3CKcF484B7vTpu1N,sol,72.0,early_entry,1mPMPjAdyonab99YqPs2QoN9nRsosNe6hnQovK5P3xz|EvchpvEQi6vSP2bAqq2mfkmnfKjweMky82dWicAhbr5z,1513295.73
Af1cGi4fmjpwe93esGEyMwKjFLzodaWsux5N77gQAp8X,sol,72.0,early_entry,1mPMPjAdyonab99YqPs2QoN9nRsosNe6hnQovK5P3xz|EvchpvEQi6vSP2bAqq2mfkmnfKjweMky82dWicAhbr5z,1513295.73
BMLC3nDkCFQktAoFzEszUVMLMMqVXxKR9Giqztdxs2Rj,sol,72.0,early_entry,1mPMPjAdyonab99YqPs2QoN9nRsosNe6hnQovK5P3xz|B5frRtMDkN2pirLEDGTv3tu5xkn9QTxMHbwJtJgkm4LR|EvchpvEQi6vSP2bAqq2mfkmnfKjweMky82dWicAhbr5z,1513295.73
C5MLKCWtNMPaZmaKNpaFdgCtwhoPnULbZrTzGUQvYp3g,sol,72.0,early_entry,1mPMPjAdyonab99YqPs2QoN9nRsosNe6hnQovK5P3xz|EvchpvEQi6vSP2bAqq2mfkmnfKjweMky82dWicAhbr5z,1513295.73
CYZhSsKDbXzZ3RvoUVyfC3GxfsWGtHLTeYYECvAJzzRs,sol,72.0,early_entry,1mPMPjAdyonab99YqPs2QoN9nRsosNe6hnQovK5P3xz|EvchpvEQi6vSP2bAqq2mfkmnfKjweMky82dWicAhbr5z,1513295.73
Dj4gUfySsoVjmpADFadnjSLcXLyaWYNsihxVRU87VRHv,sol,72.0,early_entry,1mPMPjAdyonab99YqPs2QoN9nRsosNe6hnQovK5P3xz|EvchpvEQi6vSP2bAqq2mfkmnfKjweMky82dWicAhbr5z,1513295.73
ECzLjhAW2LNoLWi1a1YDxePUDimx9R8FLxXtP66vSxMq,sol,72.0,early_entry,1mPMPjAdyonab99YqPs2QoN9nRsosNe6hnQovK5P3xz|EvchpvEQi6vSP2bAqq2mfkmnfKjweMky82dWicAhbr5z,1513295.73
EjtQrPTbcMevStBkpnjsH23NfUCMhGHusTYsHuGVQZp2,sol,72.0,early_entry,1mPMPjAdyonab99YqPs2QoN9nRsosNe6hnQovK5P3xz|4PHwxC2YCQqgK67oX786PDVwVmP4oVFnaS8ukhxBriZx|EvchpvEQi6vSP2bAqq2mfkmnfKjweMky82dWicAhbr5z,1513295.73
FEoocAQxh3RrH1ZsSsSksamKUbLMSA5xbkooGLJUyPei,sol,72.0,early_entry,1mPMPjAdyonab99YqPs2QoN9nRsosNe6hnQovK5P3xz|EvchpvEQi6vSP2bAqq2mfkmnfKjweMky82dWicAhbr5z,1513295.73
GwfSixWar6TCwHmyj7HZjmVWfZs9n18wmZTn3B5rw74W,sol,72.0,early_entry,1mPMPjAdyonab99YqPs2QoN9nRsosNe6hnQovK5P3xz|EvchpvEQi6vSP2bAqq2mfkmnfKjweMky82dWicAhbr5z,1513295.73
GzvGfKDF52mUZJKGt6zvmxzKrJixmiWBqW1Tqx9qdtQ9,sol,72.0,early_entry,1mPMPjAdyonab99YqPs2QoN9nRsosNe6hnQovK5P3xz|EvchpvEQi6vSP2bAqq2mfkmnfKjweMky82dWicAhbr5z,1513295.73
HTjqi5yQnoEe2fdroE1em5rU2EhDzYE8pgvEf9un22cH,sol,72.0,early_entry,1mPMPjAdyonab99YqPs2QoN9nRsosNe6hnQovK5P3xz|EvchpvEQi6vSP2bAqq2mfkmnfKjweMky82dWicAhbr5z,1513295.73
HZXdwRRw27kfpYtTqc7bMfrRgK3LSUaiKDFtqoEihik8,sol,72.0,early_entry,1mPMPjAdyonab99YqPs2QoN9nRsosNe6hnQovK5P3xz|EvchpvEQi6vSP2bAqq2mfkmnfKjweMky82dWicAhbr5z,1513295.73
Hgbd74s7Xr7JgKjRbeBT6XkCGtHtKi9rup2m72KKiGQF,sol,72.0,early_entry,1mPMPjAdyonab99YqPs2QoN9nRsosNe6hnQovK5P3xz|EvchpvEQi6vSP2bAqq2mfkmnfKjweMky82dWicAhbr5z,1513295.73
Hs4KFoa2YMbxxxCyKMm2ZbVWcLNoSpZYN3FNWggwSgge,sol,72.0,early_entry,1mPMPjAdyonab99YqPs2QoN9nRsosNe6hnQovK5P3xz|EvchpvEQi6vSP2bAqq2mfkmnfKjweMky82dWicAhbr5z,1513295.73
J9mnzdvz2yd3gPMq5pwNtcYPchHpKJaafEaAcksVc9Kf,sol,72.0,early_entry,1mPMPjAdyonab99YqPs2QoN9nRsosNe6hnQovK5P3xz|EvchpvEQi6vSP2bAqq2mfkmnfKjweMky82dWicAhbr5z,1513295.73
mfmKnhtJBhpTYXF97RoiSYhRpUTFzDg9sbsc3rZPSQm,sol,72.0,early_entry,1mPMPjAdyonab99YqPs2QoN9nRsosNe6hnQovK5P3xz|EvchpvEQi6vSP2bAqq2mfkmnfKjweMky82dWicAhbr5z,1513295.73
yMBRVpuVm7bgASPEvEhVtKTbz4g4UhNFEDz8kBmHAv1,sol,72.0,early_entry,1mPMPjAdyonab99YqPs2QoN9nRsosNe6hnQovK5P3xz|EvchpvEQi6vSP2bAqq2mfkmnfKjweMky82dWicAhbr5z,1513295.73
6mL4j7SiiJMhsRLCyuLJZiq7fNhPyJ3zVFba2D16ydL1,sol,72.0,early_entry,B5frRtMDkN2pirLEDGTv3tu5xkn9QTxMHbwJtJgkm4LR,88843.81
2SiSDZHxQ2uR78RbEHLSyJNoWpbyHDWPRMpEFL58LhKr,sol,72.0,early_entry,B5frRtMDkN2pirLEDGTv3tu5xkn9QTxMHbwJtJgkm4LR,88843.81
2WT8UbRBKCUmxDTNoFk5mDjGiDFYJQnjDG5Vd13mZYtS,sol,72.0,early_entry,B5frRtMDkN2pirLEDGTv3tu5xkn9QTxMHbwJtJgkm4LR,88843.81
34HvV4oT8kWeLwnaaZHgbMD6NwWsvQcZArUE7UegKxMS,sol,72.0,early_entry,B5frRtMDkN2pirLEDGTv3tu5xkn9QTxMHbwJtJgkm4LR,88843.81
38kbjwBjtkbqZUcN5CyAszNwNnPZ2JYMD15PMQ53bMZt,sol,72.0,early_entry,B5frRtMDkN2pirLEDGTv3tu5xkn9QTxMHbwJtJgkm4LR,88843.81
3KbTNFnZnp3JhxMTK8txw4Eb5RjPzerAqtV6SRzmyAE1,sol,72.0,early_entry,B5frRtMDkN2pirLEDGTv3tu5xkn9QTxMHbwJtJgkm4LR,88843.81
3kq6RtTAbaQfn5rumQV8rsCqviTLMh5bQRVaH3NxCENP,sol,72.0,early_entry,B5frRtMDkN2pirLEDGTv3tu5xkn9QTxMHbwJtJgkm4LR,88843.81
47PpFt9JbaWw7hNdW6Qv4pW1CydK6sc9ixNL1KGhpHoa,sol,72.0,early_entry,B5frRtMDkN2pirLEDGTv3tu5xkn9QTxMHbwJtJgkm4LR,88843.81
4VMkDm7AC3Bu5vk4mpFin6Jg2q4RA9cNDLuFtiBzxNxE,sol,72.0,early_entry,B5frRtMDkN2pirLEDGTv3tu5xkn9QTxMHbwJtJgkm4LR,88843.81
4siuGQDNK7QCzup9FZ3nMiQfo4bYgHvzUGfJ4Vstdjk5,sol,72.0,early_entry,B5frRtMDkN2pirLEDGTv3tu5xkn9QTxMHbwJtJgkm4LR,88843.81
5Nqxims1VJr7PNA3ZTq3W4QMjupy9yN9amQrNWZcfyyu,sol,72.0,early_entry,B5frRtMDkN2pirLEDGTv3tu5xkn9QTxMHbwJtJgkm4LR,88843.81
66qDb2b7ETbchLobMLMumNQyNheZXj8zTpQjnfLWk11r,sol,72.0,early_entry,B5frRtMDkN2pirLEDGTv3tu5xkn9QTxMHbwJtJgkm4LR,88843.81
6ka77mFHEetZWf2UixL55PvCMZNxCjkYvhcy9ZDA1Hoo,sol,72.0,early_entry,B5frRtMDkN2pirLEDGTv3tu5xkn9QTxMHbwJtJgkm4LR,88843.81
7Hkpf3NJwCdcnDqwZMTR1d76pHnfeyqnP8vxrV4TLKHR,sol,72.0,early_entry,B5frRtMDkN2pirLEDGTv3tu5xkn9QTxMHbwJtJgkm4LR,88843.81
8RiSc686qe3CM9LTAuxbiqMtsr4cAYvj6MFcRcSFDpbU,sol,72.0,early_entry,B5frRtMDkN2pirLEDGTv3tu5xkn9QTxMHbwJtJgkm4LR,88843.81
9Amcs46PZM1kJ3npuAkCrDYuGXRbYmhf9t4F952zfesu,sol,72.0,early_entry,B5frRtMDkN2pirLEDGTv3tu5xkn9QTxMHbwJtJgkm4LR,88843.81
9LTzS7BskdQ6zxUzUr1hLAgACpYyJAhHShy6uU9nZsEi,sol,72.0,early_entry,B5frRtMDkN2pirLEDGTv3tu5xkn9QTxMHbwJtJgkm4LR,88843.81
9QViAs81NGfgEyALQ73enWhnHyUBUARyk1tvnDxs9KeU,sol,72.0,early_entry,B5frRtMDkN2pirLEDGTv3tu5xkn9QTxMHbwJtJgkm4LR,88843.81
B53XPSaDnWgXY9N2NZJsgywp9fB1X1nVCQ3fCiWaVkE8,sol,72.0,early_entry,B5frRtMDkN2pirLEDGTv3tu5xkn9QTxMHbwJtJgkm4LR,88843.81
BUBTepHUv6WkiyJ9uQem9r3yNNtAik584ufDx1b5riHK,sol,72.0,early_entry,B5frRtMDkN2pirLEDGTv3tu5xkn9QTxMHbwJtJgkm4LR,88843.81
Bjx63K6vXidqSM7AXpswmrc8PZKDp557PYrPQ6UmPpMn,sol,72.0,early_entry,B5frRtMDkN2pirLEDGTv3tu5xkn9QTxMHbwJtJgkm4LR,88843.81
CNLKcMA83EHdQNdiZL49mYUdXK4ztYbDkXJcX5v42ci9,sol,72.0,early_entry,B5frRtMDkN2pirLEDGTv3tu5xkn9QTxMHbwJtJgkm4LR,88843.81
CZ5zXeRvvxtD3WT53VgWvXp7YVkv3zcz7JKipLXXgNjz,sol,72.0,early_entry,B5frRtMDkN2pirLEDGTv3tu5xkn9QTxMHbwJtJgkm4LR,88843.81
EuC9bwq7AhtvgqhzFG5TtB2q8PYmgWbQ7Eei7FaC4oG3,sol,72.0,early_entry,B5frRtMDkN2pirLEDGTv3tu5xkn9QTxMHbwJtJgkm4LR,88843.81
F2xz8N9kifUgKYs7iuiEM4YaTdbjWZ8aKKrpYrZwkb3c,sol,72.0,early_entry,B5frRtMDkN2pirLEDGTv3tu5xkn9QTxMHbwJtJgkm4LR,88843.81
FHSFMEz16u1a2WEuvjeB88DKKjnEieF4DCWsno39FnYz,sol,72.0,early_entry,B5frRtMDkN2pirLEDGTv3tu5xkn9QTxMHbwJtJgkm4LR,88843.81
GFoL9jcHSuRC6bqvH52otbn5h6WgMqRHdFKyxvAo5pta,sol,72.0,early_entry,B5frRtMDkN2pirLEDGTv3tu5xkn9QTxMHbwJtJgkm4LR,88843.81
GPzTydqWGCACGaio2ndE28CoidjPCMg4UwUsSgZ272fq,sol,72.0,early_entry,B5frRtMDkN2pirLEDGTv3tu5xkn9QTxMHbwJtJgkm4LR,88843.81
GSkqaajE8yjJSrKnD2w2FiA1hKah3w22QLWszqYJr4Ds,sol,72.0,early_entry,B5frRtMDkN2pirLEDGTv3tu5xkn9QTxMHbwJtJgkm4LR,88843.81
HmjxAR8TCUkowf9NC5FFw1gxTjY83yfZozQFQMZia6xs,sol,72.0,early_entry,B5frRtMDkN2pirLEDGTv3tu5xkn9QTxMHbwJtJgkm4LR,88843.81
Hv5V5APBB5e73y7SRVKVHPvS48RJEEJ3bYeuuj4RL7mC,sol,72.0,early_entry,B5frRtMDkN2pirLEDGTv3tu5xkn9QTxMHbwJtJgkm4LR,88843.81
SQHK48QT8SY1vYN44iXji7wQ6CJek8AjfX6mBp47TZq,sol,72.0,early_entry,6j7EwvRcC2Z2mDn7z6r3cufCkdhnoRnJzi5DjxVyRo7C|B5frRtMDkN2pirLEDGTv3tu5xkn9QTxMHbwJtJgkm4LR,277105.61
bribe99J8f4SbG8hvcC79KQYxv1vtxdH3q13HEC5H5Z,sol,72.0,early_entry,B5frRtMDkN2pirLEDGTv3tu5xkn9QTxMHbwJtJgkm4LR,88843.81
jjyBgHEkxAqUeZ3sDonCaVNnhVZaYAXqTeUou572t8F,sol,72.0,early_entry,B5frRtMDkN2pirLEDGTv3tu5xkn9QTxMHbwJtJgkm4LR,88843.81
mwah94h8RePPUZNpJ3XfAcBgrmsYksmsT7ftoEXs4rA,sol,72.0,early_entry,B5frRtMDkN2pirLEDGTv3tu5xkn9QTxMHbwJtJgkm4LR,88843.81
sorry16zJqUvKmRTeUhUe6H12gs5PCP3YLPRoB21keK,sol,72.0,early_entry,B5frRtMDkN2pirLEDGTv3tu5xkn9QTxMHbwJtJgkm4LR,88843.81
truLy82mQNANXLccBLt3N4HD5dkYwP6bkhppvgAQXFW,sol,72.0,early_entry,B5frRtMDkN2pirLEDGTv3tu5xkn9QTxMHbwJtJgkm4LR,88843.81
x6WmK4aKezp9MXYdoLZsRaoz75mGZDrppUG6gjpW21X,sol,72.0,early_entry,B5frRtMDkN2pirLEDGTv3tu5xkn9QTxMHbwJtJgkm4LR,88843.81
yours99Gjg2bmKG7qs3Xzwn6Yoh9gnwYUJmE3enrNEA,sol,72.0,early_entry,B5frRtMDkN2pirLEDGTv3tu5xkn9QTxMHbwJtJgkm4LR,88843.81
3sptvTMfJJSgW9S8qUrWJ3jeb4Gs8zmK6wZhE1QjwTp8,sol,72.0,early_entry,5jNQu2eAUqCTQ4r5xiNPXecj8dSjW5rGAHxvya9cr6Sn,170244.65
3ugm1ZFfDuYBubgmNgtPVL11vDNt8Abrtkis43ZaXMj4,sol,72.0,early_entry,5jNQu2eAUqCTQ4r5xiNPXecj8dSjW5rGAHxvya9cr6Sn,170244.65
4C7suAnwE3Nzys4oUGspg7PsGuWY88oS2yUgbpo1PT7W,sol,72.0,early_entry,5jNQu2eAUqCTQ4r5xiNPXecj8dSjW5rGAHxvya9cr6Sn,170244.65
6ocEgiAd9obM1pFWMtVeg9a4zJwtcF4EjKGQtrQmaWi6,sol,72.0,early_entry,5jNQu2eAUqCTQ4r5xiNPXecj8dSjW5rGAHxvya9cr6Sn,170244.65
7Dgv6HDjQ8kdgsDRtmgpVwiyfTGjzDaSkWVAZZJ2wiiW,sol,72.0,early_entry,5jNQu2eAUqCTQ4r5xiNPXecj8dSjW5rGAHxvya9cr6Sn,170244.65
8rvAsDKeAcEjEkiZMug9k8v1y8mW6gQQiMobd89Uy7qR,sol,72.0,early_entry,2c1weSacxYkxF5xAFSzdYQXoFp3XcjimXyaGSioTnpRs|5jNQu2eAUqCTQ4r5xiNPXecj8dSjW5rGAHxvya9cr6Sn|7s5kfdQEF1Yp9KmdbsJnv4GQULTDegcAJSBWtRiPKbb,448433.55
AVNz97iURhBANLFprxB9eZ92rRUz9fXd4PegqZzqJr7b,sol,72.0,early_entry,5jNQu2eAUqCTQ4r5xiNPXecj8dSjW5rGAHxvya9cr6Sn,170244.65
AZtU5hPNujXybusFhL9oWaNQ39tcUYYTumNvhi18oH3f,sol,72.0,early_entry,5jNQu2eAUqCTQ4r5xiNPXecj8dSjW5rGAHxvya9cr6Sn,170244.65
CEfStCxdfhy5vyXfoXvqTC5WbWbcCmeB9ngetPMDHPt1,sol,72.0,early_entry,5jNQu2eAUqCTQ4r5xiNPXecj8dSjW5rGAHxvya9cr6Sn,170244.65
Cex7x91Gc69GPUkptSvR1WqVEW4bBUD1VDxxvHovHUXy,sol,72.0,early_entry,5jNQu2eAUqCTQ4r5xiNPXecj8dSjW5rGAHxvya9cr6Sn,170244.65
GDvQ1BxvxcVQmDjxiLUGwfiq7mayaST15thuDLZojXdR,sol,72.0,early_entry,5jNQu2eAUqCTQ4r5xiNPXecj8dSjW5rGAHxvya9cr6Sn,170244.65
HL4mxRc42MnoMNSgb6XNNG2uysCcp9R9cnhUfMYFK16n,sol,72.0,early_entry,5jNQu2eAUqCTQ4r5xiNPXecj8dSjW5rGAHxvya9cr6Sn,170244.65
4jHsJvHb2tkkf9koV1DFtV1c9kPL1GcotDV3cJqWgFyj,sol,72.0,early_entry,Dgyos9VCr3CT4z3UMGT981ydwr8myee4yb4gDLPapump,20934.41
AmooVfUzs4kikLWzxXWhEuxE3YAuJd9fQjwaY6zTyLaV,sol,72.0,early_entry,Dgyos9VCr3CT4z3UMGT981ydwr8myee4yb4gDLPapump,20934.41
GEVcd5fRy1YcYDNcDJmo2miqirSRgTpGHGcVfnf3ckjx,sol,72.0,early_entry,Dgyos9VCr3CT4z3UMGT981ydwr8myee4yb4gDLPapump,20934.41
6akKKpZetoirYP19UT4qdsRjhTL9z69sPVphdfscdQc8,sol,72.0,early_entry,9TNvg1W6zQqFVC2ugZySzSmCQKtPbC1w9yoynx9Ppump,662629.18
71Vjzs1hqoCVpfsSgdY7u9DkAMWXibyEDPXc6yszcB5q,sol,72.0,early_entry,9TNvg1W6zQqFVC2ugZySzSmCQKtPbC1w9yoynx9Ppump,662629.18
7rSVtsUcFou3wtkCEfbUH6pVfv4ESurNwxm7mzWtuduX,sol,72.0,early_entry,9TNvg1W6zQqFVC2ugZySzSmCQKtPbC1w9yoynx9Ppump,662629.18
Aj5zPQuLwiKZgFdLmDpRfzkQCJrBPmtnmB6oVNr3RnBp,sol,72.0,early_entry,9TNvg1W6zQqFVC2ugZySzSmCQKtPbC1w9yoynx9Ppump,662629.18
B94U3Bji2TH8FwBbWmS2vL6wSj1bfqSbKBtMXpfTS77N,sol,72.0,early_entry,9TNvg1W6zQqFVC2ugZySzSmCQKtPbC1w9yoynx9Ppump,662629.18
Ba4znq377hAketvBw8ELF2vKKgw5CvjCJE5TWZ467J1W,sol,72.0,early_entry,9TNvg1W6zQqFVC2ugZySzSmCQKtPbC1w9yoynx9Ppump,662629.18
DsT2JZ2mKqTMpJjFEGGpyiWxBU7ZEwn6wU8NMY8Qg3jZ,sol,72.0,early_entry,9TNvg1W6zQqFVC2ugZySzSmCQKtPbC1w9yoynx9Ppump,662629.18
GMD1F2G9zMq8ZDdHq3ktVu7RT1q2w7XjyXRPX8A1E14d,sol,72.0,early_entry,9TNvg1W6zQqFVC2ugZySzSmCQKtPbC1w9yoynx9Ppump,662629.18
rXmT45GKdhdjPurn4kk1UZxd8HiADgaegaHvgJ2sshJ,sol,72.0,early_entry,9TNvg1W6zQqFVC2ugZySzSmCQKtPbC1w9yoynx9Ppump,662629.18
4FqWPMgkPvH7oHrCQ44AKS2eCwmEViEXaSFaNGt4VrXM,sol,72.0,early_entry,2SgRLprSBdkLrnRiqaCDw5avrRyYbrvZwyNbYgd3oAJm,79347.51
4nFesm2W81zRxcDxEZ7uDQTW7ssAYgJNyKFs7hzwJGEs,sol,72.0,early_entry,2SgRLprSBdkLrnRiqaCDw5avrRyYbrvZwyNbYgd3oAJm,79347.51
8MuNAYE141QAXTJ9nctGWf39WVzjqGzdPeTjog36eK9Y,sol,72.0,early_entry,2SgRLprSBdkLrnRiqaCDw5avrRyYbrvZwyNbYgd3oAJm,79347.51
AVY74B271rKHo4yW5P12nhhp8ckogMx5Dgf6xVMcTJyf,sol,72.0,early_entry,2SgRLprSBdkLrnRiqaCDw5avrRyYbrvZwyNbYgd3oAJm,79347.51
DQGrTz9vJmv88miqqu55KtNNUzHakvyhzPJ69kMC4Qiw,sol,72.0,early_entry,2SgRLprSBdkLrnRiqaCDw5avrRyYbrvZwyNbYgd3oAJm,79347.51
FZfrWcL2EaRoFzhURsVA8R4cNWTsBwy7Yy5BmN3PJvVw,sol,72.0,early_entry,2SgRLprSBdkLrnRiqaCDw5avrRyYbrvZwyNbYgd3oAJm,79347.51
3VPjhhTe4kCZniiHqmP6kdsNsFR5JFeMm1LRCn3BbLtK,sol,72.0,early_entry,72z65XPrPMDVbPgSJHXinvDMfM3CGVPt2V8SKsCpump|QZynGkq1YSj1koG8DCGsMjkFDfML8c5QSr6GCvnpump|zawqpEt9EV7teM2wasmiL1CP23gi7UHdXckvpmXpump,979043.99
5423DJX24V4Y2TDKRDZmmieR5d8xa4P7Sm98X3ys1zrU,sol,72.0,early_entry,72z65XPrPMDVbPgSJHXinvDMfM3CGVPt2V8SKsCpump|QZynGkq1YSj1koG8DCGsMjkFDfML8c5QSr6GCvnpump|zawqpEt9EV7teM2wasmiL1CP23gi7UHdXckvpmXpump,979043.99
6aeYPYbFhp9cjLApzAV4uaGk6g2wS6jJNKsgMJC6BqA1,sol,72.0,early_entry,72z65XPrPMDVbPgSJHXinvDMfM3CGVPt2V8SKsCpump|QZynGkq1YSj1koG8DCGsMjkFDfML8c5QSr6GCvnpump|zawqpEt9EV7teM2wasmiL1CP23gi7UHdXckvpmXpump,979043.99
7V6Y8YLRjjKieichtC7DVZYeTLXH6Y9UhdjaqxcvQjgG,sol,72.0,early_entry,72z65XPrPMDVbPgSJHXinvDMfM3CGVPt2V8SKsCpump|QZynGkq1YSj1koG8DCGsMjkFDfML8c5QSr6GCvnpump|zawqpEt9EV7teM2wasmiL1CP23gi7UHdXckvpmXpump,979043.99
9hbpDnnRHVnXB222KDbLtUH9pWHxca79PLKMac59DiZY,sol,72.0,early_entry,72z65XPrPMDVbPgSJHXinvDMfM3CGVPt2V8SKsCpump|QZynGkq1YSj1koG8DCGsMjkFDfML8c5QSr6GCvnpump|zawqpEt9EV7teM2wasmiL1CP23gi7UHdXckvpmXpump,979043.99
9wLc72znws26cyXedoddXcSxMbCkC2h5ffRgLXyTW22v,sol,72.0,early_entry,72z65XPrPMDVbPgSJHXinvDMfM3CGVPt2V8SKsCpump|QZynGkq1YSj1koG8DCGsMjkFDfML8c5QSr6GCvnpump|zawqpEt9EV7teM2wasmiL1CP23gi7UHdXckvpmXpump,979043.99
AyCDov5GA5Uh4h8TfvywHbpEcMQzc8xDTmGXP9cuFuLT,sol,72.0,early_entry,72z65XPrPMDVbPgSJHXinvDMfM3CGVPt2V8SKsCpump|QZynGkq1YSj1koG8DCGsMjkFDfML8c5QSr6GCvnpump|zawqpEt9EV7teM2wasmiL1CP23gi7UHdXckvpmXpump,979043.99
BWsDiAfvbHXGeRzhg5pGUrhYtr7zWjQBiVpTYdZRzjA4,sol,72.0,early_entry,72z65XPrPMDVbPgSJHXinvDMfM3CGVPt2V8SKsCpump|QZynGkq1YSj1koG8DCGsMjkFDfML8c5QSr6GCvnpump|zawqpEt9EV7teM2wasmiL1CP23gi7UHdXckvpmXpump,979043.99
F4ybN2Xgy1RM7F4pU1rUgVisSwaNgAhKLYm53c9WHt65,sol,72.0,early_entry,72z65XPrPMDVbPgSJHXinvDMfM3CGVPt2V8SKsCpump|QZynGkq1YSj1koG8DCGsMjkFDfML8c5QSr6GCvnpump|zawqpEt9EV7teM2wasmiL1CP23gi7UHdXckvpmXpump,979043.99
HorXKM3vLoQxb4guyeNv5cxFCFnmMzTit1bhmyHnJcPm,sol,72.0,early_entry,72z65XPrPMDVbPgSJHXinvDMfM3CGVPt2V8SKsCpump|QZynGkq1YSj1koG8DCGsMjkFDfML8c5QSr6GCvnpump|zawqpEt9EV7teM2wasmiL1CP23gi7UHdXckvpmXpump,979043.99
9FvPksGZercFANuDhnVSEShb5wrHFgkgoq8NMeZZ6gUm,sol,72.0,early_entry,YobdHfQpVakdh5UhBUo5w9Qn43RBmyN64bTzeQVpump|nzZmCF9yH5g411U9XBSVZ7AgPEtEgjVDPqWJUENpump,529344.63
9hoZqrRsCj5tLKKAhVK6nEkchmfc4k4sh9zH9PKfyjwk,sol,72.0,early_entry,nzZmCF9yH5g411U9XBSVZ7AgPEtEgjVDPqWJUENpump,529344.63
9nmnWAb1qHNjuJMXNyBhy2VTJgfXUQWyw3Z4pxW5AhBZ,sol,72.0,early_entry,YobdHfQpVakdh5UhBUo5w9Qn43RBmyN64bTzeQVpump|nzZmCF9yH5g411U9XBSVZ7AgPEtEgjVDPqWJUENpump,529344.63
CZAWoNE6V3L71tAuFTRgL3YW7RYwBai5EfjGqfuauoED,sol,72.0,early_entry,nzZmCF9yH5g411U9XBSVZ7AgPEtEgjVDPqWJUENpump,529344.63
CmXV91qEVw1Fos1CTMJxSaiM2EyobPru1pu9oUyTqHsx,sol,72.0,early_entry,nzZmCF9yH5g411U9XBSVZ7AgPEtEgjVDPqWJUENpump,529344.63
E4GWn82ddRikYVzecErDmJ9L4hSAkgCLNyLfu5aXsRb8,sol,72.0,early_entry,nzZmCF9yH5g411U9XBSVZ7AgPEtEgjVDPqWJUENpump,529344.63
EnGabKQJgQQhjTd1EzQjLiwnubogGDcpXGBTC84typpi,sol,72.0,early_entry,nzZmCF9yH5g411U9XBSVZ7AgPEtEgjVDPqWJUENpump,529344.63
27HFmP7ccLadGswvQfvea4o3juLw75cPF4V6jWpHM3MX,sol,72.0,early_entry,QZynGkq1YSj1koG8DCGsMjkFDfML8c5QSr6GCvnpump,1065.24
2JRtftRcaYSYhqoe7PAJfF91WaAFw1wxsfp98EjrKz9N,sol,72.0,early_entry,QZynGkq1YSj1koG8DCGsMjkFDfML8c5QSr6GCvnpump,1065.24
2r5bAx1GxhgwkmeSNpJy5L4ZLmHAJaaHNw73h59t9TSy,sol,72.0,early_entry,QZynGkq1YSj1koG8DCGsMjkFDfML8c5QSr6GCvnpump,1065.24
2xmGWD9HK3xjwMm9qmyZG11U2ayHocTqrhBFFeXxaouh,sol,72.0,early_entry,QZynGkq1YSj1koG8DCGsMjkFDfML8c5QSr6GCvnpump,1065.24
3KcPSJ8ouE7H1feoWHmhDwXhLnXhpxP6R6713uytFmBM,sol,72.0,early_entry,QZynGkq1YSj1koG8DCGsMjkFDfML8c5QSr6GCvnpump,1065.24
3ife8DjhspdGHxsTnGwPrMsiRJUjR9Ji7gyUkTQ4F4RD,sol,72.0,early_entry,QZynGkq1YSj1koG8DCGsMjkFDfML8c5QSr6GCvnpump,1065.24
4to2b814dHUteu2jwKvt4kbHX1JkgrwoZnWAbyt6fvra,sol,72.0,early_entry,QZynGkq1YSj1koG8DCGsMjkFDfML8c5QSr6GCvnpump,1065.24
52QEJP5WfekPAV8HdknvUFHMa1sAKzjzR1dreTeptEBg,sol,72.0,early_entry,QZynGkq1YSj1koG8DCGsMjkFDfML8c5QSr6GCvnpump,1065.24
5TqtZWv5pbZ1WwNiEeNyT9pV6EAjax2HvdNLo8FPzQ5v,sol,72.0,early_entry,QZynGkq1YSj1koG8DCGsMjkFDfML8c5QSr6GCvnpump,1065.24
6sDdsfkvcQYiWVpP42ye22HWzFxLCjipqAhF1aGsUUsw,sol,72.0,early_entry,QZynGkq1YSj1koG8DCGsMjkFDfML8c5QSr6GCvnpump,1065.24
7LFnsMKEneMYEvWEEu7nqSBweS1NFJeXGwwwmCBGfdzM,sol,72.0,early_entry,QZynGkq1YSj1koG8DCGsMjkFDfML8c5QSr6GCvnpump,1065.24
8N4QDR8m54PuV2KgHSu39QRHrNooNEK667hBeKVokZoc,sol,72.0,early_entry,QZynGkq1YSj1koG8DCGsMjkFDfML8c5QSr6GCvnpump,1065.24
8PFdYThGnk54z92r4MeU1ZJKXZQDqicauon5Krf7chf8,sol,72.0,early_entry,QZynGkq1YSj1koG8DCGsMjkFDfML8c5QSr6GCvnpump,1065.24
8WNoBwK1dhkdJpLoomj3JT7DnBGtmEZNDtUgNib43dma,sol,72.0,early_entry,QZynGkq1YSj1koG8DCGsMjkFDfML8c5QSr6GCvnpump,1065.24
8Z7nrF99wZiadzsp3dypEsLknayeQoJJ5LCtLF8dAdz6,sol,72.0,early_entry,QZynGkq1YSj1koG8DCGsMjkFDfML8c5QSr6GCvnpump,1065.24
9PsdrY4mv5STdnGLtFBVU3sxgjhRRWYEWJhNBwEvYFsp,sol,72.0,early_entry,QZynGkq1YSj1koG8DCGsMjkFDfML8c5QSr6GCvnpump,1065.24
DFJX1YUe5W5SiTDPSBWgn6sV6PvhvDLo5UM4axNsRHAi,sol,72.0,early_entry,QZynGkq1YSj1koG8DCGsMjkFDfML8c5QSr6GCvnpump,1065.24
DRGsXevWRvoZwoe5TviUsSWuv979si7Asas8J4SPRPF,sol,72.0,early_entry,QZynGkq1YSj1koG8DCGsMjkFDfML8c5QSr6GCvnpump,1065.24
DhuU4zkNWrSM4ED9MBV2gySWVYWqcU2GTcVZgXkjGBAQ,sol,72.0,early_entry,QZynGkq1YSj1koG8DCGsMjkFDfML8c5QSr6GCvnpump,1065.24
ESe4LuJPnDTtfRtyH3UBYuz32y8seJo2nwp1ePrGPSAT,sol,72.0,early_entry,QZynGkq1YSj1koG8DCGsMjkFDfML8c5QSr6GCvnpump,1065.24
Fs9RN3wAsuJKPbTmtX5eek1bhW5krNH8RkQxkFAtgNfR,sol,72.0,early_entry,QZynGkq1YSj1koG8DCGsMjkFDfML8c5QSr6GCvnpump,1065.24
GMKgNhWnFYBSsgHQysidEWuLnd9Mf36Jq3hLymf9qCgr,sol,72.0,early_entry,QZynGkq1YSj1koG8DCGsMjkFDfML8c5QSr6GCvnpump,1065.24
Go5y83Zt4i7bLS8Y4ddiiAx6C7mgwrBNFG67H6yURN6B,sol,72.0,early_entry,QZynGkq1YSj1koG8DCGsMjkFDfML8c5QSr6GCvnpump,1065.24
C1QoJzTDtKaJ65LBsUBYzVhSBdjXYcUn9pdSLBVp8oK1,sol,72.0,early_entry,E2T93D7fmjqYL399RZDsiFg183jufug14WHPvH7Hpump,7362.81
Snip1_E2T93DvX7yT9wQ2pM3kL4n5uR6,sol,72.0,early_entry,E2T93D7fmjqYL399RZDsiFg183jufug14WHPvH7Hpump,7362.81
Snip2_E2T93DuR8vX7yT9wQ2pM3kL4n5,sol,72.0,early_entry,E2T93D7fmjqYL399RZDsiFg183jufug14WHPvH7Hpump,7362.81
Snip3_E2T93DkL5n6uR8vX7yT9wQ2pM3,sol,72.0,early_entry,E2T93D7fmjqYL399RZDsiFg183jufug14WHPvH7Hpump,7362.81
51g9rR5q1uQPESjDA9QyGTwhMyqD3nEjSQSUyyFX5QBj,sol,72.0,early_entry,9BiaaorvWghMrunKgqskTCQDvDUPsKKuixoTNRxxpump|E2T93D7fmjqYL399RZDsiFg183jufug14WHPvH7Hpump,25079.44
7dGf5NzGDqCMnh5QSMNHjbteFPL8A9Pa1e17xkXL8M3N,sol,72.0,early_entry,9BiaaorvWghMrunKgqskTCQDvDUPsKKuixoTNRxxpump|E2T93D7fmjqYL399RZDsiFg183jufug14WHPvH7Hpump,25079.44
G4juME2JJW47q768f3hYhoagDYiM3hna8fEZdSQuwBxm,sol,72.0,early_entry,9BiaaorvWghMrunKgqskTCQDvDUPsKKuixoTNRxxpump|E2T93D7fmjqYL399RZDsiFg183jufug14WHPvH7Hpump,25079.44
GNjaTsvoPQyRhS8CFaYs8MuEcf1dQPjeq2GiBU24dHVe,sol,72.0,early_entry,9BiaaorvWghMrunKgqskTCQDvDUPsKKuixoTNRxxpump|E2T93D7fmjqYL399RZDsiFg183jufug14WHPvH7Hpump,25079.44
H4h3TadhmXfXXbmCvExf3xyaX3RKdVYo78edAfJjAVzf,sol,72.0,early_entry,9BiaaorvWghMrunKgqskTCQDvDUPsKKuixoTNRxxpump|E2T93D7fmjqYL399RZDsiFg183jufug14WHPvH7Hpump,25079.44
HaWakxQGqoEZBsoZ3oBiHzpMFBkb1V88SQ8qF72KPwn8,sol,72.0,early_entry,9BiaaorvWghMrunKgqskTCQDvDUPsKKuixoTNRxxpump|E2T93D7fmjqYL399RZDsiFg183jufug14WHPvH7Hpump,25079.44
2u7ZJCxYEG2uKxdtSPtd7fNcgjVHjEyPkckTAN7fSynP,sol,72.0,early_entry,3rGD4t981YVt2rjQb8GcFwnK4UdZjP1q7oNEiKTkpump,42210.63
6G8Cu53PRgm5aPHxMaZRguYHJfaNxmnmgoR129cKMvJk,sol,72.0,early_entry,3rGD4t981YVt2rjQb8GcFwnK4UdZjP1q7oNEiKTkpump,42210.63
9SSKv7UHJCLqAaGKYngZ3nBT3PeJz6YXB6sPjrXGhg84,sol,72.0,early_entry,3rGD4t981YVt2rjQb8GcFwnK4UdZjP1q7oNEiKTkpump,42210.63
DkjBeKvadAtE3d8ZBvhp1AhmqBdzTM6URUUXgKKjGeQQ,sol,72.0,early_entry,3rGD4t981YVt2rjQb8GcFwnK4UdZjP1q7oNEiKTkpump,42210.63
F2CpQV2RsMMXL1sRqy2ewq3vLuSyvvQT29kt5tYd8G6t,sol,72.0,early_entry,3rGD4t981YVt2rjQb8GcFwnK4UdZjP1q7oNEiKTkpump,42210.63
HZhCar35LKxULFq3rVRmF78r9m1eaMrDzw6d9KX2DwHe,sol,72.0,early_entry,3rGD4t981YVt2rjQb8GcFwnK4UdZjP1q7oNEiKTkpump,42210.63
Fzz2amRoCCpEvxtwdurs8qLVLSdrd3dcraJVpNjE4rp4,sol,72.0,early_entry,2SgRLprSBdkLrnRiqaCDw5avrRyYbrvZwyNbYgd3oAJm,4363.62
Snip1_2SgRLpvX7yT9wQ2pM3kL4n5uR6,sol,72.0,early_entry,2SgRLprSBdkLrnRiqaCDw5avrRyYbrvZwyNbYgd3oAJm,4363.62
Snip2_2SgRLpuR8vX7yT9wQ2pM3kL4n5,sol,72.0,early_entry,2SgRLprSBdkLrnRiqaCDw5avrRyYbrvZwyNbYgd3oAJm,4363.62
Snip3_2SgRLpkL5n6uR8vX7yT9wQ2pM3,sol,72.0,early_entry,2SgRLprSBdkLrnRiqaCDw5avrRyYbrvZwyNbYgd3oAJm,4363.62
13rMKjaMmjEJzvevoT5XwtivwoAzXay9dbNhdU15f5ZH,sol,72.0,early_entry,2Ecj4UJjegEcjCEPFMuXJprFUD8HMVphqTg2Qtm5pump|3e6to4qrHByU19Sij9DVKPB4AQD5RuyhH2Sj2ESLpump,1204576.17
2tiFfUNd4HEYg5XtSiNgrfptZ5LSjNU4dCFbg5YqWbBz,sol,72.0,early_entry,2Ecj4UJjegEcjCEPFMuXJprFUD8HMVphqTg2Qtm5pump|3e6to4qrHByU19Sij9DVKPB4AQD5RuyhH2Sj2ESLpump,1204576.17
3aavuNWHmCfbWPJEPhHLEh3UpkCCvhz1azpXeGXmWXoA,sol,72.0,early_entry,2Ecj4UJjegEcjCEPFMuXJprFUD8HMVphqTg2Qtm5pump|3e6to4qrHByU19Sij9DVKPB4AQD5RuyhH2Sj2ESLpump,1204576.17
4XpEPR2FaFdQKrFgbWkJQdesdwaCLcYdmQsyKYwG2Ghp,sol,72.0,early_entry,2Ecj4UJjegEcjCEPFMuXJprFUD8HMVphqTg2Qtm5pump|3e6to4qrHByU19Sij9DVKPB4AQD5RuyhH2Sj2ESLpump,1204576.17
4nLTy7LgcnrC9wYwVAmoaeAwTc2TwmP8AReQ5QVHqcuN,sol,72.0,early_entry,2Ecj4UJjegEcjCEPFMuXJprFUD8HMVphqTg2Qtm5pump|3e6to4qrHByU19Sij9DVKPB4AQD5RuyhH2Sj2ESLpump,1204576.17
5cytp5CRc34XfbFFfoBafFRdxmAUjERgrqqfKJiy2cF5,sol,72.0,early_entry,2Ecj4UJjegEcjCEPFMuXJprFUD8HMVphqTg2Qtm5pump|3e6to4qrHByU19Sij9DVKPB4AQD5RuyhH2Sj2ESLpump,1204576.17
8La6Zj8MwD2P4SRgDp2qMiAnc9rzvRP9HDP7kQaPA9Jc,sol,72.0,early_entry,2Ecj4UJjegEcjCEPFMuXJprFUD8HMVphqTg2Qtm5pump|3e6to4qrHByU19Sij9DVKPB4AQD5RuyhH2Sj2ESLpump,1204576.17
9XF4ktYYr22cZeZMxbTLbveyad5QitQps1MJVTJDeqFS,sol,72.0,early_entry,2Ecj4UJjegEcjCEPFMuXJprFUD8HMVphqTg2Qtm5pump|3e6to4qrHByU19Sij9DVKPB4AQD5RuyhH2Sj2ESLpump,1204576.17
9gnJFS3LDgG2Hu9rqt5nA6zwadDNGSiwWBjrqjAhna2X,sol,72.0,early_entry,2Ecj4UJjegEcjCEPFMuXJprFUD8HMVphqTg2Qtm5pump|3e6to4qrHByU19Sij9DVKPB4AQD5RuyhH2Sj2ESLpump,1204576.17
ALiRQQjiJtfT44VcgLCur12oftvcSjnbUhZJJMPCxyi9,sol,72.0,early_entry,2Ecj4UJjegEcjCEPFMuXJprFUD8HMVphqTg2Qtm5pump|3e6to4qrHByU19Sij9DVKPB4AQD5RuyhH2Sj2ESLpump,1204576.17
BUkTdidtehRJ6YvKDErxcFaoEGTVTEtKHedePgE6Pq4z,sol,72.0,early_entry,2Ecj4UJjegEcjCEPFMuXJprFUD8HMVphqTg2Qtm5pump|3e6to4qrHByU19Sij9DVKPB4AQD5RuyhH2Sj2ESLpump,1204576.17
Bp95jUJaBUc4ZQ2c5c2V6YMf1FEDDUMKRCXdkYBvoTXx,sol,72.0,early_entry,2Ecj4UJjegEcjCEPFMuXJprFUD8HMVphqTg2Qtm5pump|3e6to4qrHByU19Sij9DVKPB4AQD5RuyhH2Sj2ESLpump,1204576.17
CTYrDBLMQLvnLvD8bpwvoDU6GnKQjQWTs4oVkbx7YcfG,sol,72.0,early_entry,2Ecj4UJjegEcjCEPFMuXJprFUD8HMVphqTg2Qtm5pump|3e6to4qrHByU19Sij9DVKPB4AQD5RuyhH2Sj2ESLpump,1204576.17
CWJWRcChQB2Fsn2M1qbwcYP5GmWTsrKapku5nQVap7xJ,sol,72.0,early_entry,2Ecj4UJjegEcjCEPFMuXJprFUD8HMVphqTg2Qtm5pump|3e6to4qrHByU19Sij9DVKPB4AQD5RuyhH2Sj2ESLpump,1204576.17
F5vgPDmbuBDUuBtVtgCvKQV3FYjj9XESVMWhQopv8wiu,sol,72.0,early_entry,2Ecj4UJjegEcjCEPFMuXJprFUD8HMVphqTg2Qtm5pump|3e6to4qrHByU19Sij9DVKPB4AQD5RuyhH2Sj2ESLpump,1204576.17
FNjEdYx1TSetKHdKqP2krZ9Giwm6iVkWgYNwqc8xv55P,sol,72.0,early_entry,2Ecj4UJjegEcjCEPFMuXJprFUD8HMVphqTg2Qtm5pump|3e6to4qrHByU19Sij9DVKPB4AQD5RuyhH2Sj2ESLpump,1204576.17
Feb8ySC68frnQCL9LXDGrGyy1YZ6awUXP6crbAMVmnTS,sol,72.0,early_entry,2Ecj4UJjegEcjCEPFMuXJprFUD8HMVphqTg2Qtm5pump|3e6to4qrHByU19Sij9DVKPB4AQD5RuyhH2Sj2ESLpump,1204576.17
gangJEP5geDHjPVRhDS5dTF5e6GtRvtNogMEEVs91RV,sol,72.0,early_entry,2Ecj4UJjegEcjCEPFMuXJprFUD8HMVphqTg2Qtm5pump|3e6to4qrHByU19Sij9DVKPB4AQD5RuyhH2Sj2ESLpump,1204576.17
6VEau4smEhKsy4YCNUJhnJHaukZk1UnW1nsBzjcgAtWS,sol,72.0,early_entry,4df7syChXeQyoG68dv3Cpz2czDkYGtLapGm4V6q1pump,27651.56
Snip1_4df7syvX7yT9wQ2pM3kL4n5uR6,sol,72.0,early_entry,4df7syChXeQyoG68dv3Cpz2czDkYGtLapGm4V6q1pump,27651.56
Snip2_4df7syuR8vX7yT9wQ2pM3kL4n5,sol,72.0,early_entry,4df7syChXeQyoG68dv3Cpz2czDkYGtLapGm4V6q1pump,27651.56
Snip3_4df7sykL5n6uR8vX7yT9wQ2pM3,sol,72.0,early_entry,4df7syChXeQyoG68dv3Cpz2czDkYGtLapGm4V6q1pump,27651.56
26HPXBdsvnA328KxcZJmHCzf4c18SBuaYLJ1ZDAB22ax,sol,72.0,early_entry,Y4FGt1pnLqorBwgqkFwCzGwTKVP1HGs1bjttEZnpump,710907.03
2pQ6wu1DSPxKouu6Wvgtkueas5qFhbRQ5BR8CyYXuC3v,sol,72.0,early_entry,Y4FGt1pnLqorBwgqkFwCzGwTKVP1HGs1bjttEZnpump,710907.03
DtP7cx8y95mjZy9mfP3SXNLHc4SUNmYD978TzQJjSt2A,sol,72.0,early_entry,Y4FGt1pnLqorBwgqkFwCzGwTKVP1HGs1bjttEZnpump,710907.03
HFyL2r1mDqQw5CFQyhrMdZTqBFaCiyYGL6QfdDdbG84L,sol,72.0,early_entry,Y4FGt1pnLqorBwgqkFwCzGwTKVP1HGs1bjttEZnpump,710907.03
QS2e9ZHsinjAr5HuA9VYf6okuynvsRcp1WMsFWSWvgb,sol,72.0,early_entry,Y4FGt1pnLqorBwgqkFwCzGwTKVP1HGs1bjttEZnpump,710907.03
3B28DGhfLjaouGYdQLrjQ4rsWYxNvmzUT5RZy89h1iaN,sol,72.0,early_entry,2qbfnLKfPBP9BQ2m7asvvfUiSmXFzqLQGC1Rds9kpump|GSjLFRifP18MKn9ogJtEEFaCAGmQJBEod8iQeHf3pump,515482.79
4EXoJKE9CXCXgdwu69nyNhBcCdbwn5dF918UKHvSfacA,sol,72.0,early_entry,2qbfnLKfPBP9BQ2m7asvvfUiSmXFzqLQGC1Rds9kpump|GSjLFRifP18MKn9ogJtEEFaCAGmQJBEod8iQeHf3pump,515482.79
5HD21jQPUPMwoBagMz1zfuAizYtmhkunqBkBH82btQax,sol,72.0,early_entry,2qbfnLKfPBP9BQ2m7asvvfUiSmXFzqLQGC1Rds9kpump|GSjLFRifP18MKn9ogJtEEFaCAGmQJBEod8iQeHf3pump,515482.79
5xhhQ6xyQnAz7bgR1piDXxd1kG4BxCkSA9VdfhJyeyge,sol,72.0,early_entry,2qbfnLKfPBP9BQ2m7asvvfUiSmXFzqLQGC1Rds9kpump|GSjLFRifP18MKn9ogJtEEFaCAGmQJBEod8iQeHf3pump,515482.79
6nwcydvVK7mh3xy1L5L2x9UM7YhtjmcxmtYwrEM6UZo7,sol,72.0,early_entry,2qbfnLKfPBP9BQ2m7asvvfUiSmXFzqLQGC1Rds9kpump|GSjLFRifP18MKn9ogJtEEFaCAGmQJBEod8iQeHf3pump,515482.79
784rTyGrbESvQg7yYPgBPYpcGUiRdj4GLNXm6Ny4TB7W,sol,72.0,early_entry,2qbfnLKfPBP9BQ2m7asvvfUiSmXFzqLQGC1Rds9kpump|GSjLFRifP18MKn9ogJtEEFaCAGmQJBEod8iQeHf3pump,515482.79
7suDLwCZGrJqCJPUgGcbYacDR5Ptxo2mSzaFRya1PfCD,sol,72.0,early_entry,2qbfnLKfPBP9BQ2m7asvvfUiSmXFzqLQGC1Rds9kpump|GSjLFRifP18MKn9ogJtEEFaCAGmQJBEod8iQeHf3pump,515482.79
8PdmKG9du7hKRCcbSASJQhUoEqaT1unafhGXJUsdH8ib,sol,72.0,early_entry,2qbfnLKfPBP9BQ2m7asvvfUiSmXFzqLQGC1Rds9kpump|GSjLFRifP18MKn9ogJtEEFaCAGmQJBEod8iQeHf3pump,515482.79
BM8R913hbUmonQ7ndvYNrtbL8Zmvu5Lhqc31p9Lcex23,sol,72.0,early_entry,2qbfnLKfPBP9BQ2m7asvvfUiSmXFzqLQGC1Rds9kpump|GSjLFRifP18MKn9ogJtEEFaCAGmQJBEod8iQeHf3pump,515482.79
BPo2TTuQWyrK8TY7PHNwxwN9msCXKbWrnfiP8emVc15T,sol,72.0,early_entry,2qbfnLKfPBP9BQ2m7asvvfUiSmXFzqLQGC1Rds9kpump|GSjLFRifP18MKn9ogJtEEFaCAGmQJBEod8iQeHf3pump,515482.79
BdtWwqUEtj9zypm3J3JvmMhE2Jh5GDbGFDgrncks3ZN8,sol,72.0,early_entry,2qbfnLKfPBP9BQ2m7asvvfUiSmXFzqLQGC1Rds9kpump|GSjLFRifP18MKn9ogJtEEFaCAGmQJBEod8iQeHf3pump,515482.79
C1ag4ZhaXsGDcnUCoT7K1iA72Tc2kg2YRaVRovUhjjKm,sol,72.0,early_entry,2qbfnLKfPBP9BQ2m7asvvfUiSmXFzqLQGC1Rds9kpump|GSjLFRifP18MKn9ogJtEEFaCAGmQJBEod8iQeHf3pump,515482.79
CuQ4469uc7SasvC6bcUmn3y3H48Ep5QAUByjNN1mSZsb,sol,72.0,early_entry,2qbfnLKfPBP9BQ2m7asvvfUiSmXFzqLQGC1Rds9kpump|GSjLFRifP18MKn9ogJtEEFaCAGmQJBEod8iQeHf3pump,515482.79
DdUxcAV42QFTRh2vuRX8yt9tEaXfGPgF47TiTEARASz4,sol,72.0,early_entry,2qbfnLKfPBP9BQ2m7asvvfUiSmXFzqLQGC1Rds9kpump|GSjLFRifP18MKn9ogJtEEFaCAGmQJBEod8iQeHf3pump,515482.79
E4uQpvkgbm9fxvEjFSW2sTVWmjcySJeUoaT34ac97YNG,sol,72.0,early_entry,2qbfnLKfPBP9BQ2m7asvvfUiSmXFzqLQGC1Rds9kpump|GSjLFRifP18MKn9ogJtEEFaCAGmQJBEod8iQeHf3pump,515482.79
GowyeKddDHBRjRr1RPF6uxe1Bt3Tuhup8dgPTZNri6BW,sol,72.0,early_entry,2qbfnLKfPBP9BQ2m7asvvfUiSmXFzqLQGC1Rds9kpump|GSjLFRifP18MKn9ogJtEEFaCAGmQJBEod8iQeHf3pump,515482.79
Gxy7AxUwtCVGm7zTjRYb6BzMRYwCYWsxunyDjkbPpms2,sol,72.0,early_entry,2qbfnLKfPBP9BQ2m7asvvfUiSmXFzqLQGC1Rds9kpump|GSjLFRifP18MKn9ogJtEEFaCAGmQJBEod8iQeHf3pump,515482.79
H5xEvTL2nGzhxyL8Hyirpy8DZxWzPVp52hofqdydessB,sol,72.0,early_entry,2qbfnLKfPBP9BQ2m7asvvfUiSmXFzqLQGC1Rds9kpump|GSjLFRifP18MKn9ogJtEEFaCAGmQJBEod8iQeHf3pump,515482.79
wae8YMC7PWjcPbM3mdx3CUDZEkkjaFAE4VxS5mF2YuN,sol,72.0,early_entry,2qbfnLKfPBP9BQ2m7asvvfUiSmXFzqLQGC1Rds9kpump|GSjLFRifP18MKn9ogJtEEFaCAGmQJBEod8iQeHf3pump|yPje5WXtH6uTAj8Dg3aQBcfg4LvjfXe8sERpJMTpump,515482.79
ERRHtffCak8966GUgyYJvUpnqhAZKLRrtvxd7iTJqjMZ,sol,72.0,early_entry,Y4FGt1pnLqorBwgqkFwCzGwTKVP1HGs1bjttEZnpump,51258.96
Snip1_Y4FGt1vX7yT9wQ2pM3kL4n5uR6,sol,72.0,early_entry,Y4FGt1pnLqorBwgqkFwCzGwTKVP1HGs1bjttEZnpump,51258.96
Snip2_Y4FGt1uR8vX7yT9wQ2pM3kL4n5,sol,72.0,early_entry,Y4FGt1pnLqorBwgqkFwCzGwTKVP1HGs1bjttEZnpump,51258.96
Snip3_Y4FGt1kL5n6uR8vX7yT9wQ2pM3,sol,72.0,early_entry,Y4FGt1pnLqorBwgqkFwCzGwTKVP1HGs1bjttEZnpump,51258.96
8NJ7Ujpji8uMF2675mqaTSEm2DCbfJA7fiRKtiaqkaLN,sol,72.0,early_entry,7s5kfdQEF1Yp9KmdbsJnv4GQULTDegcAJSBWtRiPKbb,44734.23
Snip1_7s5kfdvX7yT9wQ2pM3kL4n5uR6,sol,72.0,early_entry,7s5kfdQEF1Yp9KmdbsJnv4GQULTDegcAJSBWtRiPKbb,44734.23
Snip2_7s5kfduR8vX7yT9wQ2pM3kL4n5,sol,72.0,early_entry,7s5kfdQEF1Yp9KmdbsJnv4GQULTDegcAJSBWtRiPKbb,44734.23
Snip3_7s5kfdkL5n6uR8vX7yT9wQ2pM3,sol,72.0,early_entry,7s5kfdQEF1Yp9KmdbsJnv4GQULTDegcAJSBWtRiPKbb,44734.23
4sAUSQFdvWRBxR8UoLBYbw8CcXuwXWxnN8pXa4mtm5nU,sol,72.0,early_entry,7s5kfdQEF1Yp9KmdbsJnv4GQULTDegcAJSBWtRiPKbb,448433.55
69xWoewjXMGFcmHdLE75dc7oujePHrGpmLGFmiwneYTR,sol,72.0,early_entry,7s5kfdQEF1Yp9KmdbsJnv4GQULTDegcAJSBWtRiPKbb,448433.55
7Rh2G7dqdjStyJMnobuyaTkj9x31WDHR2M7Hc1GHWoff,sol,72.0,early_entry,7s5kfdQEF1Yp9KmdbsJnv4GQULTDegcAJSBWtRiPKbb,448433.55
9JFe3D1FSAy6eRER7vyJV9CXASnhHLK4tBRadT9to5BH,sol,72.0,early_entry,7s5kfdQEF1Yp9KmdbsJnv4GQULTDegcAJSBWtRiPKbb,448433.55
ArzvM6Q6FjLHiN6UWH8uNHWqexZbhCQfP5sCZuZ9JTcr,sol,72.0,early_entry,7s5kfdQEF1Yp9KmdbsJnv4GQULTDegcAJSBWtRiPKbb,448433.55
Bgcx5SQxdueDvi2bnX1AcTTNjL7fKaiYYWFxggS5y9SG,sol,72.0,early_entry,7s5kfdQEF1Yp9KmdbsJnv4GQULTDegcAJSBWtRiPKbb,448433.55
CiJVsW3tAGACu4xChxWhRB9G66Na6V3rVA2HzjAN4hFt,sol,72.0,early_entry,7s5kfdQEF1Yp9KmdbsJnv4GQULTDegcAJSBWtRiPKbb,448433.55
DVMkhiQe1D8yenuEgsW44NjRn9LfVQjGEpZcez5x7Mff,sol,72.0,early_entry,7s5kfdQEF1Yp9KmdbsJnv4GQULTDegcAJSBWtRiPKbb,448433.55
EUXA2b9FSZLGEzBqw3w9JQaahWUg9CGtKivHXo94eH9H,sol,72.0,early_entry,7s5kfdQEF1Yp9KmdbsJnv4GQULTDegcAJSBWtRiPKbb,448433.55
FKMYs75o955DVxkNuE78xEVTBvnnpKcimPfQE96QfoVh,sol,72.0,early_entry,7s5kfdQEF1Yp9KmdbsJnv4GQULTDegcAJSBWtRiPKbb,448433.55
FczAVrSD8WPAymBhWrcFy8QsRjgDqmFkuqWa1KkAbzuD,sol,72.0,early_entry,7s5kfdQEF1Yp9KmdbsJnv4GQULTDegcAJSBWtRiPKbb,448433.55
HH6HsdMVX51kpbhiqbM18Bam8hcoLgPpUPzPPSBr3mua,sol,72.0,early_entry,7s5kfdQEF1Yp9KmdbsJnv4GQULTDegcAJSBWtRiPKbb,448433.55
HrwfghwUEUr8XXawx4P6KwKbC4mbQCWcvF4xMAK2PghX,sol,72.0,early_entry,7s5kfdQEF1Yp9KmdbsJnv4GQULTDegcAJSBWtRiPKbb,448433.55
J898BLdjUWFPsvqwraj1rjg33rE9B6zJY6HvWFKx71fo,sol,72.0,early_entry,7s5kfdQEF1Yp9KmdbsJnv4GQULTDegcAJSBWtRiPKbb,448433.55
AZg7fuys8BKDRnzRGxXnbWm4uQfozN8B9XpVw6TK2DFd,sol,72.0,early_entry,72z65XPrPMDVbPgSJHXinvDMfM3CGVPt2V8SKsCpump,1659.64
CkFBngBPedoMz4br58gE57Qaysx73H8AJoa6oruJsDm8,sol,72.0,early_entry,72z65XPrPMDVbPgSJHXinvDMfM3CGVPt2V8SKsCpump,1659.64
HJL5V8BH6kbennks96YHVk2nggTUCpXivEwSoJZCiKjZ,sol,72.0,early_entry,72z65XPrPMDVbPgSJHXinvDMfM3CGVPt2V8SKsCpump,1659.64
2Dzv8Gbyk3faBQmjoLxRyiZM1UrTHA7dYaayvidivGqA,sol,72.0,early_entry,ZQDHKnFv84QJXCbEE1pF7PzgrRX5ogQC5dpebrtpump,2145519.45
2Gs9qukmcGEdfeRqb4x5EDUN9h9yCxVPt7wjGmuYnama,sol,72.0,early_entry,ZQDHKnFv84QJXCbEE1pF7PzgrRX5ogQC5dpebrtpump,2145519.45
2KV9b2sft4xT1nJWLNPPB3uPmg8KqMzMwJwrQKcaoTBa,sol,72.0,early_entry,ZQDHKnFv84QJXCbEE1pF7PzgrRX5ogQC5dpebrtpump,2145519.45
2agnVT6pLReyWgBkXgZ3ocD7GbEvqbQyqox8JmhqVmAG,sol,72.0,early_entry,ZQDHKnFv84QJXCbEE1pF7PzgrRX5ogQC5dpebrtpump,2145519.45
2fxRpmgkXT3jPhxsGvEMpW5mxoTtCSXnBcGZv3BSsZFZ,sol,72.0,early_entry,ZQDHKnFv84QJXCbEE1pF7PzgrRX5ogQC5dpebrtpump,2145519.45
2yir6kbP1nbWUowwvfoNbCazenaXC8thx3r4HqMQRZ3g,sol,72.0,early_entry,ZQDHKnFv84QJXCbEE1pF7PzgrRX5ogQC5dpebrtpump,2145519.45
3E6ABCVsrsRXMGx9Cf59mkgFeA9VfcMzZmPzxzxEQ1ky,sol,72.0,early_entry,ZQDHKnFv84QJXCbEE1pF7PzgrRX5ogQC5dpebrtpump,2145519.45
3P5DLZP8kLoGw4H2jqrhyQtXB9xwmyzgQcbwLzaX21vf,sol,72.0,early_entry,ZQDHKnFv84QJXCbEE1pF7PzgrRX5ogQC5dpebrtpump,2145519.45
3P7AsdAPqi1HdDoRZNoAL9s8pUmunAH1BUefqToZv8i5,sol,72.0,early_entry,ZQDHKnFv84QJXCbEE1pF7PzgrRX5ogQC5dpebrtpump,2145519.45
3SsLGF6xipyGvcpKEYRUKPAEiJt3VrCYLha1BVW1a6kZ,sol,72.0,early_entry,ZQDHKnFv84QJXCbEE1pF7PzgrRX5ogQC5dpebrtpump,2145519.45
3yPotz5bNoUnPoFG8XpWwibvxJo3wwNvnR7v6FSbQiXT,sol,72.0,early_entry,ZQDHKnFv84QJXCbEE1pF7PzgrRX5ogQC5dpebrtpump,2145519.45
4GE7RA8jkg7JTUVPfSxmQzZ5cQxJQrCPA6vMYUUJvYJk,sol,72.0,early_entry,ZQDHKnFv84QJXCbEE1pF7PzgrRX5ogQC5dpebrtpump,2145519.45
4JKHsxN3g5AmdUSeaYjrdrqzde1kRHjtq8NMYwHW7tHS,sol,72.0,early_entry,ZQDHKnFv84QJXCbEE1pF7PzgrRX5ogQC5dpebrtpump,2145519.45
4LXtzLQLhPJJywSocqW45qdF9gjmNCMP1n7ydGzNLUU2,sol,72.0,early_entry,ZQDHKnFv84QJXCbEE1pF7PzgrRX5ogQC5dpebrtpump,2145519.45
4etufCMwmNWVrzs9BvnWHBBeaWcifWAKiJ4qmKXaEg99,sol,72.0,early_entry,ZQDHKnFv84QJXCbEE1pF7PzgrRX5ogQC5dpebrtpump,2145519.45
4mNngnYLVQuPJUQevpwYiYM9uTGv2cehXihEVW15mXfL,sol,72.0,early_entry,ZQDHKnFv84QJXCbEE1pF7PzgrRX5ogQC5dpebrtpump,2145519.45
5AHNEU7vqum6KWhzMXuT4HJJAAbe6k1CM6EdRvYoJoB1,sol,72.0,early_entry,ZQDHKnFv84QJXCbEE1pF7PzgrRX5ogQC5dpebrtpump,2145519.45
5GcnDztZsbKR2HFEu8ELG1Pwjun953fxXbqgxvvf7x6k,sol,72.0,early_entry,ZQDHKnFv84QJXCbEE1pF7PzgrRX5ogQC5dpebrtpump,2145519.45
5WeumHcC6Jhs2Nwri8bMvMzihzrpYYGnskh5x5o1Ryo8,sol,72.0,early_entry,ZQDHKnFv84QJXCbEE1pF7PzgrRX5ogQC5dpebrtpump,2145519.45
5ish4DHPgt6StVpfhcTgsRoJG4m6G58JC68AvF5E7Gns,sol,72.0,early_entry,ZQDHKnFv84QJXCbEE1pF7PzgrRX5ogQC5dpebrtpump,2145519.45
5nhRkG9eeX1c9vBVWZ2rB2qbJgijiEUuWyDNfjxG3BBU,sol,72.0,early_entry,ZQDHKnFv84QJXCbEE1pF7PzgrRX5ogQC5dpebrtpump,2145519.45
5sgzm2YCjCHreFQyot6F1bYoQhapj8wJxmr5QqfDfrym,sol,72.0,early_entry,ZQDHKnFv84QJXCbEE1pF7PzgrRX5ogQC5dpebrtpump,2145519.45
5xLTpcGyNJ7DRnWAUh6Um6Mmmk2yY9N3yWHf6D7cyKX7,sol,72.0,early_entry,ZQDHKnFv84QJXCbEE1pF7PzgrRX5ogQC5dpebrtpump,2145519.45
6UArLS56BjWHErnxmdGZU8nnZqMa6Z3A1FWcLX5mb3TA,sol,72.0,early_entry,ZQDHKnFv84QJXCbEE1pF7PzgrRX5ogQC5dpebrtpump,2145519.45
6goSJAdhFRWj78jkCR2YEwtAqiRYNMBjH1WyESffkFZ3,sol,72.0,early_entry,ZQDHKnFv84QJXCbEE1pF7PzgrRX5ogQC5dpebrtpump,2145519.45
6jbXkqdajGqzjj2GiZQvTJuNosercJtDhU2x8XwZoxB7,sol,72.0,early_entry,ZQDHKnFv84QJXCbEE1pF7PzgrRX5ogQC5dpebrtpump,2145519.45
7RbrbCcxHR4gYogdwkAs1yRCttm5qgQCbRXNC58ruBZq,sol,72.0,early_entry,ZQDHKnFv84QJXCbEE1pF7PzgrRX5ogQC5dpebrtpump,2145519.45
7TYHADBX29Gbqj6Gzj3X8TxYZUhcRLqZhfHamUbgwnUs,sol,72.0,early_entry,ZQDHKnFv84QJXCbEE1pF7PzgrRX5ogQC5dpebrtpump,2145519.45
7TePqTsz68DeR93Rk3okAgpjqnMLzvyM5GzyB4fqCu93,sol,72.0,early_entry,ZQDHKnFv84QJXCbEE1pF7PzgrRX5ogQC5dpebrtpump,2145519.45
7UA2LXSvCfMAG7qTdNW7oAgXi7t2wVZFFZWoVPxPYeXE,sol,72.0,early_entry,ZQDHKnFv84QJXCbEE1pF7PzgrRX5ogQC5dpebrtpump,2145519.45
7uo7gHYkFd53NWjwFSA1MJ5vKWPp28ZtBYPsTHc8ToK,sol,72.0,early_entry,ZQDHKnFv84QJXCbEE1pF7PzgrRX5ogQC5dpebrtpump,2145519.45
8C59GCUa4LKhNVcLzr4ZFAbdimjrg5Fes2ruugEnWP7x,sol,72.0,early_entry,ZQDHKnFv84QJXCbEE1pF7PzgrRX5ogQC5dpebrtpump,2145519.45
8HwKwqp9Yj3EDoerMUjRyNeGeNo3s5ki25D6GRL2SzYS,sol,72.0,early_entry,ZQDHKnFv84QJXCbEE1pF7PzgrRX5ogQC5dpebrtpump,2145519.45
8iHXxiRvgnKVoRVpyUGQ3HHSMxC6fscZ1JDJCT5BAjR4,sol,72.0,early_entry,ZQDHKnFv84QJXCbEE1pF7PzgrRX5ogQC5dpebrtpump,2145519.45
92HJXqaf8WZ5XYLjpQ3YArBgq7VLzM8zvRWCkrb6zeFT,sol,72.0,early_entry,ZQDHKnFv84QJXCbEE1pF7PzgrRX5ogQC5dpebrtpump,2145519.45
9XJ5LLyvUEC8LAFzUasMPWozLDVBBMNb4ZMHTjEGFGtE,sol,72.0,early_entry,ZQDHKnFv84QJXCbEE1pF7PzgrRX5ogQC5dpebrtpump,2145519.45
9XweV53hL8KdXvsbKZimiFWPwsvG4fe35TEmwWuJt4o6,sol,72.0,early_entry,ZQDHKnFv84QJXCbEE1pF7PzgrRX5ogQC5dpebrtpump,2145519.45
9oo4SD5wg3SE4BWS1VJ7a1nYJp6joKd7s8VqPeaT4ZYE,sol,72.0,early_entry,ZQDHKnFv84QJXCbEE1pF7PzgrRX5ogQC5dpebrtpump,2145519.45
A2DWie99KitTmKnmsmnizaMYjGB4jrWFfeVfJWDmY86Q,sol,72.0,early_entry,ZQDHKnFv84QJXCbEE1pF7PzgrRX5ogQC5dpebrtpump,2145519.45
A6krByD3NmBrkV3jcbnwfHpMaURi4WBdob3PcT8Tyjou,sol,72.0,early_entry,ZQDHKnFv84QJXCbEE1pF7PzgrRX5ogQC5dpebrtpump,2145519.45
AEs3ZDutMKnPhWKR4FnTBUKW3dDkBtKbirkT6sHA5Vza,sol,72.0,early_entry,ZQDHKnFv84QJXCbEE1pF7PzgrRX5ogQC5dpebrtpump,2145519.45
Ay3DS3dMWshbMK3zWAFvxvFvjQB6nsvg4odJev2GZyta,sol,72.0,early_entry,ZQDHKnFv84QJXCbEE1pF7PzgrRX5ogQC5dpebrtpump,2145519.45
B6X55pfKM63Shx43DXxsVQpWHc3EnPdsYr5UfZ3X945k,sol,72.0,early_entry,ZQDHKnFv84QJXCbEE1pF7PzgrRX5ogQC5dpebrtpump,2145519.45
BDcck4znatZAPEgXxyFWD3newUhXJJXuGDD1ggccaFrG,sol,72.0,early_entry,ZQDHKnFv84QJXCbEE1pF7PzgrRX5ogQC5dpebrtpump,2145519.45
BH4VbMukH3zfW3ptTh1FVhTHLnjVqZ6gZbgeAtUfQYDJ,sol,72.0,early_entry,ZQDHKnFv84QJXCbEE1pF7PzgrRX5ogQC5dpebrtpump,2145519.45
BobuLdN6G5XcdwTsdpu22CskNBmb9ApEAfbGorKVJKnM,sol,72.0,early_entry,ZQDHKnFv84QJXCbEE1pF7PzgrRX5ogQC5dpebrtpump,2145519.45
C6xdY5RBzfLxWLEwQhf6JtugoB2kftiTBpYoiP3GhTu9,sol,72.0,early_entry,ZQDHKnFv84QJXCbEE1pF7PzgrRX5ogQC5dpebrtpump,2145519.45
CLsL4ucPimMYtbSCfruWJP7GGQMAGQrSrpXe57ACbjcU,sol,72.0,early_entry,ZQDHKnFv84QJXCbEE1pF7PzgrRX5ogQC5dpebrtpump,2145519.45
CN44TauVAGb3u3D8Z8S14V2umUmzAWi6YwsGPXAcpx6m,sol,72.0,early_entry,ZQDHKnFv84QJXCbEE1pF7PzgrRX5ogQC5dpebrtpump,2145519.45
CPLBdFaC6q9V4F3SLZy5s1bmqwockHoucZ4HJhpCASwE,sol,72.0,early_entry,ZQDHKnFv84QJXCbEE1pF7PzgrRX5ogQC5dpebrtpump,2145519.45
CTw3fxvQgpAjfHYEv4r8R6RkpAw9Gd1eC7siq9vKP8mJ,sol,72.0,early_entry,ZQDHKnFv84QJXCbEE1pF7PzgrRX5ogQC5dpebrtpump,2145519.45
D4ZmQnFozZ1NruouTRxGiPSdhFAz2YtGywW81Xw5UHm1,sol,72.0,early_entry,ZQDHKnFv84QJXCbEE1pF7PzgrRX5ogQC5dpebrtpump,2145519.45
DXMGBwByQANpkZAB3ECWwwTXrJYLYLJ9s8pE5fHFHCDt,sol,72.0,early_entry,ZQDHKnFv84QJXCbEE1pF7PzgrRX5ogQC5dpebrtpump,2145519.45
DftGq3vBKniUHowkZNmcBsLt6ZJdmeGQ9Spke3BqtxgR,sol,72.0,early_entry,ZQDHKnFv84QJXCbEE1pF7PzgrRX5ogQC5dpebrtpump,2145519.45
Dpv9s9EceVkUbbf3TmLSmAheWNpxxAgT4xeYB7LDTXx8,sol,72.0,early_entry,ZQDHKnFv84QJXCbEE1pF7PzgrRX5ogQC5dpebrtpump,2145519.45
E5SLG7DbxfmsfSNLvFFgtDdbWZJYZS97wWXLeZfuDmaz,sol,72.0,early_entry,ZQDHKnFv84QJXCbEE1pF7PzgrRX5ogQC5dpebrtpump,2145519.45
E6ftQ8tKuuJnJaxyKvxuYx1aPC7Hr57f3hrgfunxchsD,sol,72.0,early_entry,ZQDHKnFv84QJXCbEE1pF7PzgrRX5ogQC5dpebrtpump,2145519.45
EVjbQjXMhkXtbGiXQzUakL8Sjk8mMCMHSgmXtzv4RjbF,sol,72.0,early_entry,ZQDHKnFv84QJXCbEE1pF7PzgrRX5ogQC5dpebrtpump,2145519.45
EwgvzMCTCjdCGQfoMhx3nyEHJTHEsbgy9nPpYrrm9TT2,sol,72.0,early_entry,ZQDHKnFv84QJXCbEE1pF7PzgrRX5ogQC5dpebrtpump,2145519.45
F4vYySbjizkfHrwJebqRjSS2wWUCrQJSZvDeporpc59t,sol,72.0,early_entry,ZQDHKnFv84QJXCbEE1pF7PzgrRX5ogQC5dpebrtpump,2145519.45
FKcsBw4XTjU3Rto4dxcJKLKzgDkFVDye5YrJN2NSpiKb,sol,72.0,early_entry,ZQDHKnFv84QJXCbEE1pF7PzgrRX5ogQC5dpebrtpump,2145519.45
FRMzgt28XNAz9s9WYUpP9d2BdLZ31sXLjdQKwz7CAgHp,sol,72.0,early_entry,ZQDHKnFv84QJXCbEE1pF7PzgrRX5ogQC5dpebrtpump,2145519.45
FbeDTDVUAdEF29YXBQmSXn1DX9vjMaZtTxojq4xd8pV2,sol,72.0,early_entry,ZQDHKnFv84QJXCbEE1pF7PzgrRX5ogQC5dpebrtpump,2145519.45
FoDMkg3Gp442CWzr13GtwnXARUS51haKVC4sZHJZrgzx,sol,72.0,early_entry,ZQDHKnFv84QJXCbEE1pF7PzgrRX5ogQC5dpebrtpump,2145519.45
FqwP5VSK1dhHrEKj3NBLKqQmUkK7PeNFqPRrQNWEBkMU,sol,72.0,early_entry,ZQDHKnFv84QJXCbEE1pF7PzgrRX5ogQC5dpebrtpump,2145519.45
G8e8VxQ9QyCpjXdNZYy7cYtbPi9ysGh5Ce7VmWoQtVcX,sol,72.0,early_entry,ZQDHKnFv84QJXCbEE1pF7PzgrRX5ogQC5dpebrtpump,2145519.45
GR3nfoTcSsj9T5mevYhtAtz35cYvKxiiSN9SgeM11tbM,sol,72.0,early_entry,ZQDHKnFv84QJXCbEE1pF7PzgrRX5ogQC5dpebrtpump,2145519.45
GwLr4PqL5zCoxesusA1Y8yyZyGHBbAPHZ66mgkBsTRFu,sol,72.0,early_entry,ZQDHKnFv84QJXCbEE1pF7PzgrRX5ogQC5dpebrtpump,2145519.45
GykrXCvGfgAfNuGAVFursRomFA63rVanazYcKdXEfRq2,sol,72.0,early_entry,ZQDHKnFv84QJXCbEE1pF7PzgrRX5ogQC5dpebrtpump,2145519.45
H4BxEuKCrDA88kiTcd7PBGxVuqtzrGc9LSa578xKg983,sol,72.0,early_entry,ZQDHKnFv84QJXCbEE1pF7PzgrRX5ogQC5dpebrtpump,2145519.45
HSqVXV63VLMyyBQTuMiSEb285bMz26Q7Fw4myra5pqTY,sol,72.0,early_entry,ZQDHKnFv84QJXCbEE1pF7PzgrRX5ogQC5dpebrtpump,2145519.45
HTBHzedPoV2Xr4NuaLMQgDJHtAyzo5towDCeki6VMBe6,sol,72.0,early_entry,ZQDHKnFv84QJXCbEE1pF7PzgrRX5ogQC5dpebrtpump,2145519.45
HkkVoAhG6tQQS8cAqk88vy8yP9uAFe8VQ9cQKi6Me51y,sol,72.0,early_entry,ZQDHKnFv84QJXCbEE1pF7PzgrRX5ogQC5dpebrtpump,2145519.45
PErXvpF27e8Q1GFpVbLJ3j9kbJwUAAJNHVUyn57q5WS,sol,72.0,early_entry,ZQDHKnFv84QJXCbEE1pF7PzgrRX5ogQC5dpebrtpump,2145519.45
WScn82fApU8zLS5bkgniMSAfY3ArZH521P8MUSdy6Cf,sol,72.0,early_entry,ZQDHKnFv84QJXCbEE1pF7PzgrRX5ogQC5dpebrtpump,2145519.45
m3ZqcGeiF3k7DRDT1M3MPxeNWpFzgQGLhgbtrw7tRMW,sol,72.0,early_entry,ZQDHKnFv84QJXCbEE1pF7PzgrRX5ogQC5dpebrtpump,2145519.45
new9JayQSpR2YGPL9vJEee8bH4wwFtpSBSHFDespvcP,sol,72.0,early_entry,ZQDHKnFv84QJXCbEE1pF7PzgrRX5ogQC5dpebrtpump,2145519.45
D5VKfECMfLAmUBm6AJat8qBkQbNwKxEpgzkr3p3N1cfY,sol,72.0,early_entry,DLC42seBA9vV87BFMzhium2xUqZyTZbqR125ALAEpump,69721.07
Snip1_DLC42svX7yT9wQ2pM3kL4n5uR6,sol,72.0,early_entry,DLC42seBA9vV87BFMzhium2xUqZyTZbqR125ALAEpump,69721.07
Snip2_DLC42suR8vX7yT9wQ2pM3kL4n5,sol,72.0,early_entry,DLC42seBA9vV87BFMzhium2xUqZyTZbqR125ALAEpump,69721.07
Snip3_DLC42skL5n6uR8vX7yT9wQ2pM3,sol,72.0,early_entry,DLC42seBA9vV87BFMzhium2xUqZyTZbqR125ALAEpump,69721.07
56zaCTx9uz9wg3sHeGeHp5qQREhgVuXGuFBsAgc9Gd7K,sol,72.0,early_entry,yPje5WXtH6uTAj8Dg3aQBcfg4LvjfXe8sERpJMTpump,58028.76
Snip1_yPje5WvX7yT9wQ2pM3kL4n5uR6,sol,72.0,early_entry,yPje5WXtH6uTAj8Dg3aQBcfg4LvjfXe8sERpJMTpump,58028.76
Snip2_yPje5WuR8vX7yT9wQ2pM3kL4n5,sol,72.0,early_entry,yPje5WXtH6uTAj8Dg3aQBcfg4LvjfXe8sERpJMTpump,58028.76
Snip3_yPje5WkL5n6uR8vX7yT9wQ2pM3,sol,72.0,early_entry,yPje5WXtH6uTAj8Dg3aQBcfg4LvjfXe8sERpJMTpump,58028.76
7KvEcvjtRhAiMwUVi8W76DyMrXJYTRu3FqTRHBEErYLx,sol,72.0,early_entry,yPje5WXtH6uTAj8Dg3aQBcfg4LvjfXe8sERpJMTpump,145674.99
V5wL73paYB8snnN4RGsyoHGQ3v1qnjPienLCmbqTbmt,sol,72.0,early_entry,yPje5WXtH6uTAj8Dg3aQBcfg4LvjfXe8sERpJMTpump,145674.99
d5e4Qawn1eXE6a6uqjmUdewzcSUnKVs73nc2Keh632C,sol,72.0,early_entry,yPje5WXtH6uTAj8Dg3aQBcfg4LvjfXe8sERpJMTpump,145674.99
3H6Zy4ZjxzLwM6QU1EooybBzs27AnNdNDf2Mmeaatc8R,sol,72.0,early_entry,C2yUFYGox1ggub6eVfWC8hgxCSyuVDisbizjZ5xtpump,190113.9
3NJXQgKfUJbqvkoDJYk1BQsbrQJtY7wyow1BoVp4S6Fm,sol,72.0,early_entry,C2yUFYGox1ggub6eVfWC8hgxCSyuVDisbizjZ5xtpump,190113.9
3q4cdqL7QLfmNHA4mR186Jje7UnGSG5LUo5YcWdiCe5a,sol,72.0,early_entry,C2yUFYGox1ggub6eVfWC8hgxCSyuVDisbizjZ5xtpump,190113.9
4EfrJy7JWdJUaRt1DPNcYrbx5bn1993WwbnyDRHTwr3g,sol,72.0,early_entry,C2yUFYGox1ggub6eVfWC8hgxCSyuVDisbizjZ5xtpump,190113.9
4yj7SXgw7rMjTwCbQApUiuCDJdSvN1rvXER6ihXM3wd3,sol,72.0,early_entry,C2yUFYGox1ggub6eVfWC8hgxCSyuVDisbizjZ5xtpump,190113.9
5g8M6M5fjfqxC78y5GDAURgtBP2u9EvgSVz1nz2qDcYq,sol,72.0,early_entry,C2yUFYGox1ggub6eVfWC8hgxCSyuVDisbizjZ5xtpump,190113.9
5n593DWQkpfFgA69mS1MFWJDRZDCLcAuEsQYryqxi22Z,sol,72.0,early_entry,C2yUFYGox1ggub6eVfWC8hgxCSyuVDisbizjZ5xtpump,190113.9
8dfr9ctkng8kGzm388j8TjvXL7sQYGHKrCEMUNBFmwbp,sol,72.0,early_entry,C2yUFYGox1ggub6eVfWC8hgxCSyuVDisbizjZ5xtpump,190113.9
9EBjJ9Njy29PJrSTm4vMPAdq2jyf9V3Dh3makDsGZMJ8,sol,72.0,early_entry,C2yUFYGox1ggub6eVfWC8hgxCSyuVDisbizjZ5xtpump,190113.9
B8T61stXx5U8h6tZU6MqGibPXQ4NBBVJHLWoYDSi7jTr,sol,72.0,early_entry,C2yUFYGox1ggub6eVfWC8hgxCSyuVDisbizjZ5xtpump,190113.9
BHWXBNFWAAc6VDhH68AyQ1vU2FGuGrxaxnB1LXGJquur,sol,72.0,early_entry,C2yUFYGox1ggub6eVfWC8hgxCSyuVDisbizjZ5xtpump,190113.9
CH9xYQKYke8D9U1frYzgoRfkibvc5EsoKDAEyX9xncaK,sol,72.0,early_entry,C2yUFYGox1ggub6eVfWC8hgxCSyuVDisbizjZ5xtpump,190113.9
CbdHKrjoCd4xkmCZt1JpH3YPTvJnV7AxjCoFdYSbujAY,sol,72.0,early_entry,C2yUFYGox1ggub6eVfWC8hgxCSyuVDisbizjZ5xtpump,190113.9
DUUxTnB7eMry4JjZeTCHdC33ScgoMZygxBUPViMwLZMF,sol,72.0,early_entry,C2yUFYGox1ggub6eVfWC8hgxCSyuVDisbizjZ5xtpump,190113.9
DYAn4XpAkN5mhiXkRB7dGq4Jadnx6XYgu8L5b3WGhbrt,sol,72.0,early_entry,C2yUFYGox1ggub6eVfWC8hgxCSyuVDisbizjZ5xtpump,190113.9
EFAmLa8b9uuSoKFwF37iSu5x8u8SXxjy9P6UuDPzy9so,sol,72.0,early_entry,C2yUFYGox1ggub6eVfWC8hgxCSyuVDisbizjZ5xtpump,190113.9
GkXi4dWH6NZZNmBmd96HS2eXxxaAaxb6R57gnQmKGe5P,sol,72.0,early_entry,C2yUFYGox1ggub6eVfWC8hgxCSyuVDisbizjZ5xtpump,190113.9
Snip1_6HcHZQvX7yT9wQ2pM3kL4n5uR6,sol,72.0,early_entry,6HcHZQTL99VqNJ5THkMJCqx2oH2FowthW268jfKxpump,14746.86
Snip2_6HcHZQuR8vX7yT9wQ2pM3kL4n5,sol,72.0,early_entry,6HcHZQTL99VqNJ5THkMJCqx2oH2FowthW268jfKxpump,14746.86
Snip3_6HcHZQkL5n6uR8vX7yT9wQ2pM3,sol,72.0,early_entry,6HcHZQTL99VqNJ5THkMJCqx2oH2FowthW268jfKxpump,14746.86
iXLnxRKEA8vxaPSQWDw6nei7QCwaWoVvUKG7dezKjNi,sol,72.0,early_entry,6HcHZQTL99VqNJ5THkMJCqx2oH2FowthW268jfKxpump,14746.86
4z38KkoG8fbzBS27wMgL1toZp1pogLSKgBMzfFBRhjnt,sol,72.0,early_entry,6HcHZQTL99VqNJ5THkMJCqx2oH2FowthW268jfKxpump,183117.29
55BpecmdD35k7H86yJFTs6SYXLDoQJeLXi7YpALaiAyB,sol,72.0,early_entry,6HcHZQTL99VqNJ5THkMJCqx2oH2FowthW268jfKxpump,183117.29
7WNo7iRSuNqFxY7eiaRrqwNM6e6W987ci4XajqCxFzux,sol,72.0,early_entry,6HcHZQTL99VqNJ5THkMJCqx2oH2FowthW268jfKxpump,183117.29
948PbzgVdgd4X27MmW4wGP6y3navty2kPDnFMtRsqkZA,sol,72.0,early_entry,6HcHZQTL99VqNJ5THkMJCqx2oH2FowthW268jfKxpump,183117.29
BaZtD4xMz6wuAKzr5PR5jSMMAAEy8xcTcu4oJ4GLaxds,sol,72.0,early_entry,6HcHZQTL99VqNJ5THkMJCqx2oH2FowthW268jfKxpump,183117.29
Bktomg5pbXteJbgoiNYpmbxwhhu8oyZ22Jww2ySvHGU6,sol,72.0,early_entry,6HcHZQTL99VqNJ5THkMJCqx2oH2FowthW268jfKxpump,183117.29
DpH7md5R7ENWvqVKT25LHjCoaGB8wezBM9VgswGJHYYC,sol,72.0,early_entry,6HcHZQTL99VqNJ5THkMJCqx2oH2FowthW268jfKxpump,183117.29
FGFfNew1iMu1CcUX921K3dusC8nNj3epAh4widmmXsYi,sol,72.0,early_entry,6HcHZQTL99VqNJ5THkMJCqx2oH2FowthW268jfKxpump,183117.29
2Zhkc8RZ7M7eMjWEfe6bQ5UyDwfHnQEae82xVyBAdaBT,sol,72.0,early_entry,AKy6PpDq5QM4dqKa6cWQ1cx1fWtWzhL4YeBkH4gopump|E5QDWVWLeYExPZ5VeFhTQsxFgTqx4KnXjiHLWz9Bpump,186700.63
5BvYbDUDuar3SbDqaqtgxBtuCp4AoKHERuUYK3sCB2ST,sol,72.0,early_entry,AKy6PpDq5QM4dqKa6cWQ1cx1fWtWzhL4YeBkH4gopump,186700.63
5Pss92YZGYZFL2YNebbTmRcc6pvqQ8LyyD9mTAWypQL,sol,72.0,early_entry,AKy6PpDq5QM4dqKa6cWQ1cx1fWtWzhL4YeBkH4gopump,186700.63
8TawwodB8Mkk1YnqJjEau5Cerix4wms61Yw1gTAc6n49,sol,72.0,early_entry,AKy6PpDq5QM4dqKa6cWQ1cx1fWtWzhL4YeBkH4gopump|E5QDWVWLeYExPZ5VeFhTQsxFgTqx4KnXjiHLWz9Bpump,186700.63
9ZcddiDov6svAgfCXeLACH4hYsUzY3vnanUANYVaAypk,sol,72.0,early_entry,AKy6PpDq5QM4dqKa6cWQ1cx1fWtWzhL4YeBkH4gopump,186700.63
DkfacXSG147ihvTPkeALwHAk1kN8zqj5WyJST4SPAtHf,sol,72.0,early_entry,AKy6PpDq5QM4dqKa6cWQ1cx1fWtWzhL4YeBkH4gopump,186700.63
GXH34nt8T5auZdZKHST4CzcJEizmjiukt3wHXKRUVbSq,sol,72.0,early_entry,AKy6PpDq5QM4dqKa6cWQ1cx1fWtWzhL4YeBkH4gopump,186700.63
AA2W2hhQSKDqtVTnR6e61EWXuRKEPiUvT2qKf5zXkkx6,sol,72.0,early_entry,6HcHZQTL99VqNJ5THkMJCqx2oH2FowthW268jfKxpump,3175.13
CS95phAaiC3kGPKn2RheguVKyJq6737HXEDsRhx5bfM6,sol,72.0,early_entry,6HcHZQTL99VqNJ5THkMJCqx2oH2FowthW268jfKxpump,3175.13
DdwhNu4VQxXLmSZpH338Wqd96kZ7BFdZb2SpqMtDDytG,sol,72.0,early_entry,6HcHZQTL99VqNJ5THkMJCqx2oH2FowthW268jfKxpump,3175.13
Snip1_C2yUFYvX7yT9wQ2pM3kL4n5uR6,sol,72.0,early_entry,C2yUFYGox1ggub6eVfWC8hgxCSyuVDisbizjZ5xtpump,20347.8
Snip2_C2yUFYuR8vX7yT9wQ2pM3kL4n5,sol,72.0,early_entry,C2yUFYGox1ggub6eVfWC8hgxCSyuVDisbizjZ5xtpump,20347.8
Snip3_C2yUFYkL5n6uR8vX7yT9wQ2pM3,sol,72.0,early_entry,C2yUFYGox1ggub6eVfWC8hgxCSyuVDisbizjZ5xtpump,20347.8
YtVPdT9574E4GeLNG2B2kDyuD9gDbJ2v26a5BxfqvpS,sol,72.0,early_entry,C2yUFYGox1ggub6eVfWC8hgxCSyuVDisbizjZ5xtpump,20347.8
4Dn167pcQu1bQ7XPynWT1xMhuzxo92spe2brQj1wYree,sol,72.0,early_entry,GpUkmLHWPZkBFYjNiwrhuqoFXaoxB6cF2WYKgFbPpump,274417.7
6NLTWxZN36mVC5i9aMFN2Vo4zZSWtSKWUMEZBfPja5mo,sol,72.0,early_entry,GpUkmLHWPZkBFYjNiwrhuqoFXaoxB6cF2WYKgFbPpump,274417.7
3MWsCKiDDX7rzfZwaHZH7oumG1HYYPKrhjFSJE1b9Hdo,sol,72.0,early_entry,GpUkmLHWPZkBFYjNiwrhuqoFXaoxB6cF2WYKgFbPpump,242943.84
6c1HGLMmX7p9sQenWLv3XXvAmfhHqAUxQobCKKd2bmmS,sol,72.0,early_entry,GpUkmLHWPZkBFYjNiwrhuqoFXaoxB6cF2WYKgFbPpump,242943.84
8VNXtv5aND4CDsVD3FsmRxwxzkNifDcwqWwf7DUYKhAE,sol,72.0,early_entry,GpUkmLHWPZkBFYjNiwrhuqoFXaoxB6cF2WYKgFbPpump,242943.84
DVrt2JmNf1nX23kpFTVhQZ8XtuZe4FAzDaHTomXHRKnJ,sol,72.0,early_entry,GpUkmLHWPZkBFYjNiwrhuqoFXaoxB6cF2WYKgFbPpump,242943.84
2MGWzHUmPLHuvPmf8j36Y4g3RPRFZMHCg6XnugtriJX7,sol,72.0,early_entry,EBonQ7Zj23imHo3zo68vjzsLBjcHg5XUqCfyvkD4pump,17474.13
Snip1_EBonQ7vX7yT9wQ2pM3kL4n5uR6,sol,72.0,early_entry,EBonQ7Zj23imHo3zo68vjzsLBjcHg5XUqCfyvkD4pump,17474.13
Snip2_EBonQ7uR8vX7yT9wQ2pM3kL4n5,sol,72.0,early_entry,EBonQ7Zj23imHo3zo68vjzsLBjcHg5XUqCfyvkD4pump,17474.13
Snip3_EBonQ7kL5n6uR8vX7yT9wQ2pM3,sol,72.0,early_entry,EBonQ7Zj23imHo3zo68vjzsLBjcHg5XUqCfyvkD4pump,17474.13
3odfRu4MEmcGUQKSPa3P32F8w5ebE4WxKricHmZL44rD,sol,72.0,early_entry,2Ecj4UJjegEcjCEPFMuXJprFUD8HMVphqTg2Qtm5pump,70497.06
5RcpJPKzhqogKPjFY7gUy88kXAmptHHUrxpSPUr6As3T,sol,72.0,early_entry,2Ecj4UJjegEcjCEPFMuXJprFUD8HMVphqTg2Qtm5pump,70497.06
7Gu4CPCbiGwaqYFyYGhCtkvAd67abRm2ouD3kfYYW627,sol,72.0,early_entry,2Ecj4UJjegEcjCEPFMuXJprFUD8HMVphqTg2Qtm5pump,70497.06
7rnTq4E9bgkYTqMx62142zAFXnyifkDdJgGZc8jNq1xg,sol,72.0,early_entry,2Ecj4UJjegEcjCEPFMuXJprFUD8HMVphqTg2Qtm5pump,70497.06
9MBXiofeYTWbpFdXthM5Zt5dY2KDBGo1KViTHvG9ow5s,sol,72.0,early_entry,2Ecj4UJjegEcjCEPFMuXJprFUD8HMVphqTg2Qtm5pump,70497.06
FD86mWxCUUwLVsfGgrQkFSTaFBrWfWWBtBKW1SzYe3tC,sol,72.0,early_entry,2Ecj4UJjegEcjCEPFMuXJprFUD8HMVphqTg2Qtm5pump,70497.06
Hu5xStyzXmBqqQGpW8VbsLPmRmme6mdVRKZUFabgP97e,sol,72.0,early_entry,2Ecj4UJjegEcjCEPFMuXJprFUD8HMVphqTg2Qtm5pump,70497.06
6KaLTCotgnuG3DJ2TfbmMvaEeUZ8CptV52QXNWJERZNm,sol,72.0,early_entry,GpUkmLHWPZkBFYjNiwrhuqoFXaoxB6cF2WYKgFbPpump,1287.48
EupAucjkhYxU12brXENU2n4zFwzuXVxw6qwo7TMqjX5e,sol,72.0,early_entry,GpUkmLHWPZkBFYjNiwrhuqoFXaoxB6cF2WYKgFbPpump,1287.48
GtoVCcdUn82EvybM6WwPPk6sbwUm7VxhVZso4TYjz8KJ,sol,72.0,early_entry,GpUkmLHWPZkBFYjNiwrhuqoFXaoxB6cF2WYKgFbPpump,1287.48
Snip1_zawqpEvX7yT9wQ2pM3kL4n5uR6,sol,72.0,early_entry,zawqpEt9EV7teM2wasmiL1CP23gi7UHdXckvpmXpump,59339.57
Snip2_zawqpEuR8vX7yT9wQ2pM3kL4n5,sol,72.0,early_entry,zawqpEt9EV7teM2wasmiL1CP23gi7UHdXckvpmXpump,59339.57
Snip3_zawqpEkL5n6uR8vX7yT9wQ2pM3,sol,72.0,early_entry,zawqpEt9EV7teM2wasmiL1CP23gi7UHdXckvpmXpump,59339.57
zQwVPCTDyUbu1r1XrD8HztxJbK6gCwpq44f5sp9b8n2,sol,72.0,early_entry,zawqpEt9EV7teM2wasmiL1CP23gi7UHdXckvpmXpump,59339.57
54VpYRZFMfnHkcHda6UMzUc5sfyAjozrMvBkX2ALsze5,sol,72.0,early_entry,EvchpvEQi6vSP2bAqq2mfkmnfKjweMky82dWicAhbr5z,421052.48
5kAh8iLNgQuEUiEFxk88iyMb1qQcRpLKitwQhsVEBtS8,sol,72.0,early_entry,EvchpvEQi6vSP2bAqq2mfkmnfKjweMky82dWicAhbr5z,421052.48
7oREYnSXmL5TKzemYf2XUfoT1ZVa1rfdp2q3TfBSzuDJ,sol,72.0,early_entry,EvchpvEQi6vSP2bAqq2mfkmnfKjweMky82dWicAhbr5z,421052.48
8AiGdQqx91NusjGXXr7r8P72oZEHSPBkn6SKo5bjztiq,sol,72.0,early_entry,EvchpvEQi6vSP2bAqq2mfkmnfKjweMky82dWicAhbr5z,421052.48
BqNURAzYxrvbAesY1xcQD3TEAa9ojdFZwZfst27E46nS,sol,72.0,early_entry,EvchpvEQi6vSP2bAqq2mfkmnfKjweMky82dWicAhbr5z,421052.48
DTdHa4auX68jFtXv9wkzMYCahg295AnRuwvm6moW6meZ,sol,72.0,early_entry,EvchpvEQi6vSP2bAqq2mfkmnfKjweMky82dWicAhbr5z,421052.48
H9TMtTxBL84rqpX8uqC3TpTgM9BmE3bJDPzStFk8U1Th,sol,72.0,early_entry,EvchpvEQi6vSP2bAqq2mfkmnfKjweMky82dWicAhbr5z,421052.48
3yL7wNmfamAxYdJPVZnLd4cuZ2rgXuVpoKr7f2XisXr5,sol,72.0,early_entry,zawqpEt9EV7teM2wasmiL1CP23gi7UHdXckvpmXpump,335.24
5gFDR92vqC6AqmyKbzSX7p6GWAsGyNz8xzaBPya8ykWm,sol,72.0,early_entry,zawqpEt9EV7teM2wasmiL1CP23gi7UHdXckvpmXpump,335.24
5mZtPUJSkXPZMbh3GeQcK2BwMYXsFZzxFGSycnbY7Nzn,sol,72.0,early_entry,zawqpEt9EV7teM2wasmiL1CP23gi7UHdXckvpmXpump,335.24
A5pymC6YzzkoA8iLjYe42GCckcYbycYhJj3BZ65bR8Tk,sol,72.0,early_entry,zawqpEt9EV7teM2wasmiL1CP23gi7UHdXckvpmXpump,335.24
BZr6vMqd6LFQqzbGd6krgJGFHesKUuhbnm3iKij37XtU,sol,72.0,early_entry,zawqpEt9EV7teM2wasmiL1CP23gi7UHdXckvpmXpump,335.24
HCdtobF5CQNK9VN34txhHHwpyDDjGCAZBe6HAipHR731,sol,72.0,early_entry,zawqpEt9EV7teM2wasmiL1CP23gi7UHdXckvpmXpump,335.24
HdkZ3512DycdnAhL9wWxmPQHddNqjyFA24u6FuKAY2tt,sol,72.0,early_entry,zawqpEt9EV7teM2wasmiL1CP23gi7UHdXckvpmXpump,335.24
12Wy5QSxDNzpav4L3fNVLH6VLTVJ3Bn4Ld3n2EpC9Hnp,sol,72.0,early_entry,6j7EwvRcC2Z2mDn7z6r3cufCkdhnoRnJzi5DjxVyRo7C,277105.61
3Lb89tQ82LsG6wMQmJ5x2eHNDC6CXzWqpS3FsqphiEuA,sol,72.0,early_entry,6j7EwvRcC2Z2mDn7z6r3cufCkdhnoRnJzi5DjxVyRo7C,277105.61
3b4mUGz8Lnqyfj3KWGKxNHPjaXE9pWq41Hi963B4L9gF,sol,72.0,early_entry,6j7EwvRcC2Z2mDn7z6r3cufCkdhnoRnJzi5DjxVyRo7C,277105.61
4tP2s3CbYSuW5tLHuTBNEaxsqSdUixhJHgNm1KHsfkQS,sol,72.0,early_entry,6j7EwvRcC2Z2mDn7z6r3cufCkdhnoRnJzi5DjxVyRo7C|7eRwqqrfrAM7cTYLPWLfTNQUyLLcQo7DfkHwZGzKtodk,277105.61
56Hdyq5RLMm1U8986xDp3xvY4pQN6HfMBc4b5dZhLhCf,sol,72.0,early_entry,6j7EwvRcC2Z2mDn7z6r3cufCkdhnoRnJzi5DjxVyRo7C,277105.61
5aLY85pyxiuX3fd4RgM3Yc1e3MAL6b7UgaZz6MS3JUfG,sol,72.0,early_entry,6j7EwvRcC2Z2mDn7z6r3cufCkdhnoRnJzi5DjxVyRo7C,277105.61
5pEt5qwfLRqXHE9PiSsHYCPTdXvXDRb5KhfxGtRBjnA9,sol,72.0,early_entry,6j7EwvRcC2Z2mDn7z6r3cufCkdhnoRnJzi5DjxVyRo7C,277105.61
6ixqhq6sXYtRheExHxDeuUuaJEdwSf8TbMaR9ngNZfrS,sol,72.0,early_entry,6j7EwvRcC2Z2mDn7z6r3cufCkdhnoRnJzi5DjxVyRo7C,277105.61
7CiHVtpnMjdj5z8oERVdo5HkEAP7YiXZf8ugLKHqV12q,sol,72.0,early_entry,6j7EwvRcC2Z2mDn7z6r3cufCkdhnoRnJzi5DjxVyRo7C,277105.61
7kyv4fyCrsj3XUkeS7KvysYPHGJYsri8Pwsnuci5FrE5,sol,72.0,early_entry,6j7EwvRcC2Z2mDn7z6r3cufCkdhnoRnJzi5DjxVyRo7C,277105.61
7rtDc6VmCXWF1GYx1bv4wvcNLPh9g9LUvEt4U6WrMmLK,sol,72.0,early_entry,6j7EwvRcC2Z2mDn7z6r3cufCkdhnoRnJzi5DjxVyRo7C,277105.61
8D8FmQE2K82uE4BkmRqVg6FFBPEearqGR2hNkUsFPXd,sol,72.0,early_entry,6j7EwvRcC2Z2mDn7z6r3cufCkdhnoRnJzi5DjxVyRo7C,277105.61
8sVHWUMiPxgRFebz5hEJJSJmRTRWWWn33S2cwc2ii9cf,sol,72.0,early_entry,6j7EwvRcC2Z2mDn7z6r3cufCkdhnoRnJzi5DjxVyRo7C,277105.61
9gMhPEQByyPiUJPCChBaK8YUK2sJ9VD44fk26TFPJDiu,sol,72.0,early_entry,6j7EwvRcC2Z2mDn7z6r3cufCkdhnoRnJzi5DjxVyRo7C,277105.61
AS8n3aCx4pqp1C44f736Ss6hH7LeenSPVP2PGMgVZQEZ,sol,72.0,early_entry,6j7EwvRcC2Z2mDn7z6r3cufCkdhnoRnJzi5DjxVyRo7C,277105.61
AosvLb4Zu5xaABqbZfiP65SQByoqM4mgUE9PAqdj8NR2,sol,72.0,early_entry,6j7EwvRcC2Z2mDn7z6r3cufCkdhnoRnJzi5DjxVyRo7C,277105.61
Ar2Y6o1QmrRAskjii1cRfijeKugHH13ycxW5cd7rro1x,sol,72.0,early_entry,6j7EwvRcC2Z2mDn7z6r3cufCkdhnoRnJzi5DjxVyRo7C,277105.61
BErefQbhNNxVSNwArhAr5NzsjUEwh9YrpnbsXyxMjbxg,sol,72.0,early_entry,6j7EwvRcC2Z2mDn7z6r3cufCkdhnoRnJzi5DjxVyRo7C,277105.61
BsPHJWJbJm1JKFfw3YxKcVgavU2YjgVPbvkTWq5NmNHo,sol,72.0,early_entry,6j7EwvRcC2Z2mDn7z6r3cufCkdhnoRnJzi5DjxVyRo7C,277105.61
DbSRbar222ZYpfBsqMADZ68Mg4ojv7xxsAB4RZ4EGzqv,sol,72.0,early_entry,6j7EwvRcC2Z2mDn7z6r3cufCkdhnoRnJzi5DjxVyRo7C,277105.61
DeutJPuzjiP9usASRqCJwCLesSLf6pGDX86rfx3ThFLs,sol,72.0,early_entry,6j7EwvRcC2Z2mDn7z6r3cufCkdhnoRnJzi5DjxVyRo7C,277105.61
Dnvrtix4e4GfFd7wsTpn4EdtfUTE5FenoW5xdWJrqHCM,sol,72.0,early_entry,6j7EwvRcC2Z2mDn7z6r3cufCkdhnoRnJzi5DjxVyRo7C,277105.61
EqiFgyNw6kgrmYstWyrP8VjKhka7XEmKTZzHSmwpr1Zb,sol,72.0,early_entry,6j7EwvRcC2Z2mDn7z6r3cufCkdhnoRnJzi5DjxVyRo7C,277105.61
FQwZUap7AcboEY9Dv7tDQ8fBPcxL5hJApeTVt7iZuMYS,sol,72.0,early_entry,6j7EwvRcC2Z2mDn7z6r3cufCkdhnoRnJzi5DjxVyRo7C,277105.61
GfXQesPe3Zuwg8JhAt6Cg8euJDTVx751enp9EQQmhzPH,sol,72.0,early_entry,6j7EwvRcC2Z2mDn7z6r3cufCkdhnoRnJzi5DjxVyRo7C,277105.61
Hw5UKBU5k3YudnGwaykj5E8cYUidNMPuEewRRar5Xoc7,sol,72.0,early_entry,6j7EwvRcC2Z2mDn7z6r3cufCkdhnoRnJzi5DjxVyRo7C,277105.61
KHsVHqHLLuTkk5KJmrMJ8fgACgZ3wSdP7mG5bwuj5vL,sol,72.0,early_entry,2c1weSacxYkxF5xAFSzdYQXoFp3XcjimXyaGSioTnpRs|6j7EwvRcC2Z2mDn7z6r3cufCkdhnoRnJzi5DjxVyRo7C,277105.61
WS6RT3FQyhPWUFEStDtUrkEvaTxq2jdJfkEbJrt5Tny,sol,72.0,early_entry,6j7EwvRcC2Z2mDn7z6r3cufCkdhnoRnJzi5DjxVyRo7C,277105.61
a9Cct2wpjn4vWSR4rsytxm1URyk6vTXo4RTqXFpjyvD,sol,72.0,early_entry,6j7EwvRcC2Z2mDn7z6r3cufCkdhnoRnJzi5DjxVyRo7C,277105.61
2SGm8GvJHQPL1tJoW4dPM49ADR9JKFXuZF93F38baSRk,sol,72.0,early_entry,E5QDWVWLeYExPZ5VeFhTQsxFgTqx4KnXjiHLWz9Bpump,127793.29
5MYVpHEiLHkddGHQhZMfhwSVqYi3yzmpmGfRxSeavBvL,sol,72.0,early_entry,E5QDWVWLeYExPZ5VeFhTQsxFgTqx4KnXjiHLWz9Bpump,127793.29
C3Kw2LBJMJm4dpYa4TP1mQbDznW8GRJJKTR3op5JQvZT,sol,72.0,early_entry,E5QDWVWLeYExPZ5VeFhTQsxFgTqx4KnXjiHLWz9Bpump,127793.29
Ct5ktBoJTpQUi4ryudNK3gLbgMsZU1AYhzsTegcCP9Rr,sol,72.0,early_entry,E5QDWVWLeYExPZ5VeFhTQsxFgTqx4KnXjiHLWz9Bpump,127793.29
FLymZ5MMhJ2x3SASJtebXixwhueWt2yqAcKF1hnhvLHz,sol,72.0,early_entry,E5QDWVWLeYExPZ5VeFhTQsxFgTqx4KnXjiHLWz9Bpump,127793.29
Gxc33SxK6vfttUa9ccAWS7CWoHzd4MkHDFEsH1uNKNgY,sol,72.0,early_entry,E5QDWVWLeYExPZ5VeFhTQsxFgTqx4KnXjiHLWz9Bpump,74232.09
6XRRDaiBW92tCtbqsnZvh4r7imnD1S1bmutqEsJmuWT9,sol,72.0,early_entry,7HyhyvKTumueuzzaGgpYkduKd3uCjFBm6WQQvLU6pump,70780.95
DcYNPRdfk8PXV2LtqwHyr8iwK2tBEpHThgSnunEW5yGW,sol,72.0,early_entry,7HyhyvKTumueuzzaGgpYkduKd3uCjFBm6WQQvLU6pump,70780.95
EozKPPcaah5mPMb3MVRAm6Mf98DKTQQsLGXHsY1XcoMN,sol,72.0,early_entry,7HyhyvKTumueuzzaGgpYkduKd3uCjFBm6WQQvLU6pump,70780.95
FNQGjrWFoDGtoWCnnzXAMjSAwCBefy149AE6ymFhmZoH,sol,72.0,early_entry,7HyhyvKTumueuzzaGgpYkduKd3uCjFBm6WQQvLU6pump,70780.95
33fCaYJ87HnMYt57E3rpeSbXytZRKTW6UJMeBMKct8iw,sol,72.0,early_entry,YobdHfQpVakdh5UhBUo5w9Qn43RBmyN64bTzeQVpump,115655.45
4MDEDtmr3vZA35hU63gSgVWZmQmJEJ12pMCVkSymcRp2,sol,72.0,early_entry,YobdHfQpVakdh5UhBUo5w9Qn43RBmyN64bTzeQVpump,115655.45
4qfkAU9arox72ZuERwdjeobAkF7KuqfdnTLaWhjfrJXH,sol,72.0,early_entry,YobdHfQpVakdh5UhBUo5w9Qn43RBmyN64bTzeQVpump,115655.45
2gcszEinHS1KsjX7GzQMn8vi3L5XBJ9kiTX9Yksr94aX,sol,72.0,early_entry,2c1weSacxYkxF5xAFSzdYQXoFp3XcjimXyaGSioTnpRs,189835.9
4FEBCmUMSku9VkpWaMKBHeVZwDRAf8jN2kHqCRYJiZsk,sol,72.0,early_entry,2c1weSacxYkxF5xAFSzdYQXoFp3XcjimXyaGSioTnpRs,189835.9
5G1ZkXafWm11qwuH7W9GiCgp8Q8r8sNG8xhxSmxwVY1w,sol,72.0,early_entry,2c1weSacxYkxF5xAFSzdYQXoFp3XcjimXyaGSioTnpRs,189835.9
6Figrc4ZQL2TNmf1AeriCJkophEV9zeFJxaqnVP4Ro19,sol,72.0,early_entry,2c1weSacxYkxF5xAFSzdYQXoFp3XcjimXyaGSioTnpRs,189835.9
78aHQtEjony3964Af1qUgqm8jpAXUgSeUsM3vXQXGTGF,sol,72.0,early_entry,2c1weSacxYkxF5xAFSzdYQXoFp3XcjimXyaGSioTnpRs,189835.9
85jmgEf6RpHqVuBzDwticKAhjEtn9JDGSo1xxN7Yn5nT,sol,72.0,early_entry,2c1weSacxYkxF5xAFSzdYQXoFp3XcjimXyaGSioTnpRs,189835.9
87EZSG5j4qZKAd1b883Qh8g4eoRdj6q7gvfiXM1qb3sQ,sol,72.0,early_entry,2c1weSacxYkxF5xAFSzdYQXoFp3XcjimXyaGSioTnpRs,189835.9
8V4HuWktaoFACyxy4h4EsJt9yKZmtbntKmEPEFQxX8NV,sol,72.0,early_entry,2c1weSacxYkxF5xAFSzdYQXoFp3XcjimXyaGSioTnpRs,189835.9
8qyYfW6n3MkezfZehKsGUekgri6ajBezAGLs7Z22T8Vm,sol,72.0,early_entry,2c1weSacxYkxF5xAFSzdYQXoFp3XcjimXyaGSioTnpRs,189835.9
97YUKwG94SZJZXgCAtqK1oiNZReVEVEaFdH8qEYwCLN9,sol,72.0,early_entry,2c1weSacxYkxF5xAFSzdYQXoFp3XcjimXyaGSioTnpRs,189835.9
9kXTVj6xsBugfoa22nGRBJCyd3EYHqz7b3YqooPB6cDj,sol,72.0,early_entry,2c1weSacxYkxF5xAFSzdYQXoFp3XcjimXyaGSioTnpRs,189835.9
B4WqMjatatspvVbGPyhz2jXbuSuuwJKUUpv3VTTycoHu,sol,72.0,early_entry,2c1weSacxYkxF5xAFSzdYQXoFp3XcjimXyaGSioTnpRs,189835.9
BPfkicrSgxodLRv4Tc7i6jcbqtrJsN85hkTsUuyaJd1a,sol,72.0,early_entry,2c1weSacxYkxF5xAFSzdYQXoFp3XcjimXyaGSioTnpRs,189835.9
CPHgYZf4NpMeWxZpppkao8m6MeAsupgKXkXTDAcnfZNe,sol,72.0,early_entry,2c1weSacxYkxF5xAFSzdYQXoFp3XcjimXyaGSioTnpRs,189835.9
CW5RrfMv8BjUFptkfqBnC2yZsKUrJvhKnvgmwQjpQXSY,sol,72.0,early_entry,2c1weSacxYkxF5xAFSzdYQXoFp3XcjimXyaGSioTnpRs,189835.9
DMGSF9MB4pd2Yf6RdNUMFeuoqpbcEzrG7ejcnmP7mRv4,sol,72.0,early_entry,2c1weSacxYkxF5xAFSzdYQXoFp3XcjimXyaGSioTnpRs,189835.9
EeED6SdBAdMeL9rPxbk6Q539YHGn9A7J4CwDgrYZo9ii,sol,72.0,early_entry,2c1weSacxYkxF5xAFSzdYQXoFp3XcjimXyaGSioTnpRs,189835.9
FzVQSzj8JJr6WMGqbUHzx2XH1KkrfxRrRPv6WcbbZmND,sol,72.0,early_entry,2c1weSacxYkxF5xAFSzdYQXoFp3XcjimXyaGSioTnpRs,189835.9
GXtydKdu41b92jeAB4e2dub1rxMihQ4vD1jRokSjbAuf,sol,72.0,early_entry,2c1weSacxYkxF5xAFSzdYQXoFp3XcjimXyaGSioTnpRs,189835.9
J1XAE4onKYG1kTghgaytnyFgR3otQs1xEnJRRWM3djSQ,sol,72.0,early_entry,2c1weSacxYkxF5xAFSzdYQXoFp3XcjimXyaGSioTnpRs,189835.9
J6fbQs8rNeqfAmT7MUkMMYAWFysVZTX7dnwknLJnTv1R,sol,72.0,early_entry,2c1weSacxYkxF5xAFSzdYQXoFp3XcjimXyaGSioTnpRs,189835.9
Zed8eDowF6C1GyYbnw3h8WDFu3LEpdPuZciAfWR3wz7,sol,72.0,early_entry,2c1weSacxYkxF5xAFSzdYQXoFp3XcjimXyaGSioTnpRs,189835.9
254HdT8wKZ6hLZ91WoqNqbUiH4HGPRFVNiSAHvt51YT4,sol,72.0,early_entry,YobdHfQpVakdh5UhBUo5w9Qn43RBmyN64bTzeQVpump,15331.14
9CCABGsSD5rCK655aYKRtGqg7Lxyu7N3xyZks9E2ucw6,sol,72.0,early_entry,YobdHfQpVakdh5UhBUo5w9Qn43RBmyN64bTzeQVpump,15331.14
FHFgtVYqwDKMzzyYjYL86P89GniSyzMskTfdpZoxQibV,sol,72.0,early_entry,YobdHfQpVakdh5UhBUo5w9Qn43RBmyN64bTzeQVpump,15331.14
8tH43echw6RqeXKBy3zrBDWYVvGaYnuN3y8HAnASNsBz,sol,72.0,early_entry,GSjLFRifP18MKn9ogJtEEFaCAGmQJBEod8iQeHf3pump,176718.15
9JfN7WpNrP83BvNkvC7agrUCfWR4bMjqbdWktN93V75K,sol,72.0,early_entry,GSjLFRifP18MKn9ogJtEEFaCAGmQJBEod8iQeHf3pump,176718.15
BC7RHpu4b1wP9w8Fodt17NMgwkNnBdoWiqA4DMztRsEc,sol,72.0,early_entry,GSjLFRifP18MKn9ogJtEEFaCAGmQJBEod8iQeHf3pump,176718.15
CozM5NhEgnYTbamHv6Mb82PSqERG2N2xfAaMfWpcF3Mu,sol,72.0,early_entry,GSjLFRifP18MKn9ogJtEEFaCAGmQJBEod8iQeHf3pump,176718.15
FnA9umRdL4hyZTGXDngXgqtM6Q85aWT2StZhAxkrbRzk,sol,72.0,early_entry,GSjLFRifP18MKn9ogJtEEFaCAGmQJBEod8iQeHf3pump,176718.15
zdwJrwTJjV9kYGDiGXvmnzgs21fozHkTUzqnweuRFwH,sol,72.0,early_entry,GSjLFRifP18MKn9ogJtEEFaCAGmQJBEod8iQeHf3pump,176718.15
2PGHWojeE4iFej4k3Z6E1cCgsCM1zn9WeYuNrVzNaJfB,sol,72.0,early_entry,4PHwxC2YCQqgK67oX786PDVwVmP4oVFnaS8ukhxBriZx,37561.46
2iHzmZQ1ePCiAmhG2UVruoLd3BXMEbwV11DYYgFRboMU,sol,72.0,early_entry,4PHwxC2YCQqgK67oX786PDVwVmP4oVFnaS8ukhxBriZx,37561.46
4SfS1QZjsJZWfdUn6waVNatsBfXyrJ5gKcFpJhSRCVJj,sol,72.0,early_entry,4PHwxC2YCQqgK67oX786PDVwVmP4oVFnaS8ukhxBriZx,37561.46
4gG4V4iPrwfimbmG3ZzMLKJx8ursKxB8dkfW4PbiLjDa,sol,72.0,early_entry,4PHwxC2YCQqgK67oX786PDVwVmP4oVFnaS8ukhxBriZx,37561.46
56TNvzzJkNgioA1xQBmxNvzujYntSy2j36ruK2qUkLm2,sol,72.0,early_entry,4PHwxC2YCQqgK67oX786PDVwVmP4oVFnaS8ukhxBriZx,37561.46
5B52w1ZW9tuwUduueP5J7HXz5AcGfruGoX6YoAudvyxG,sol,72.0,early_entry,4PHwxC2YCQqgK67oX786PDVwVmP4oVFnaS8ukhxBriZx,37561.46
5NJARWzLc9cyhheQ2mGnZh4gtbKaV966Yw55LGVBeWxP,sol,72.0,early_entry,4PHwxC2YCQqgK67oX786PDVwVmP4oVFnaS8ukhxBriZx,37561.46
5ghUXGD9VHqtHR1HCUNDdqxGnVGs7DWkX8Zz9X11G36N,sol,72.0,early_entry,4PHwxC2YCQqgK67oX786PDVwVmP4oVFnaS8ukhxBriZx,37561.46
5ruP877fu8sBshx9inDeHsVLjnJtgVBTbjnbupeDHYHH,sol,72.0,early_entry,4PHwxC2YCQqgK67oX786PDVwVmP4oVFnaS8ukhxBriZx,37561.46
88KHAen528e3MnbyKXGgidxoMezDoJ6Eyu8EcYPvHE9m,sol,72.0,early_entry,4PHwxC2YCQqgK67oX786PDVwVmP4oVFnaS8ukhxBriZx,37561.46
A2toNdSnQTYmWaJfqhBxXewRsoSy3gKgV2Ge3WmQcat,sol,72.0,early_entry,4PHwxC2YCQqgK67oX786PDVwVmP4oVFnaS8ukhxBriZx,37561.46
AYPZZ1qPeYc76LUksgsBKdCCk8ZkHVVuFSUkHyg9CsSH,sol,72.0,early_entry,4PHwxC2YCQqgK67oX786PDVwVmP4oVFnaS8ukhxBriZx,37561.46
AepugnBzbsSCTPSLZxwkgR6cK3vHwXQ7KputqgY7V7Gn,sol,72.0,early_entry,4PHwxC2YCQqgK67oX786PDVwVmP4oVFnaS8ukhxBriZx,37561.46
BdpYHJy6tvvQF2yaSiyA1DYJSVdsiQnV8TNX7ruk5AJM,sol,72.0,early_entry,4PHwxC2YCQqgK67oX786PDVwVmP4oVFnaS8ukhxBriZx,37561.46
C4Svaa7djC8d3CVxaohrsedccaKqimNoJrWe9iNPdix5,sol,72.0,early_entry,4PHwxC2YCQqgK67oX786PDVwVmP4oVFnaS8ukhxBriZx,37561.46
C8YsC2jKAfBt4YLoFCmee8q4wpE8UU8gz4LkV9jEUy2n,sol,72.0,early_entry,4PHwxC2YCQqgK67oX786PDVwVmP4oVFnaS8ukhxBriZx,37561.46
CQ3BTSMoZVfeZL7BdvzD6sBM6Qz7r662ki6wACwqBh94,sol,72.0,early_entry,4PHwxC2YCQqgK67oX786PDVwVmP4oVFnaS8ukhxBriZx,37561.46
Ct4eEmXPdbj5NzoNghRjfieFsqNnWKR6jMEi4DsaFJcV,sol,72.0,early_entry,4PHwxC2YCQqgK67oX786PDVwVmP4oVFnaS8ukhxBriZx,37561.46
CvhURcNPdw7mPXUbnxMjWYpp3KGxD1HmRfWoK5s3SDDm,sol,72.0,early_entry,4PHwxC2YCQqgK67oX786PDVwVmP4oVFnaS8ukhxBriZx,37561.46
D6s534HfwzEiGzejRppsTzuqTVzHVJczQVvn7uvC7rYg,sol,72.0,early_entry,4PHwxC2YCQqgK67oX786PDVwVmP4oVFnaS8ukhxBriZx,37561.46
DbG7RyLFBWXpEWgfKUA8qByvBZEZ3chqGh9TLkpjpF3b,sol,72.0,early_entry,4PHwxC2YCQqgK67oX786PDVwVmP4oVFnaS8ukhxBriZx,37561.46
EH8FnJiuzikGgtEYS57BATDbWa5zhpo6yCH7ibN5zKHZ,sol,72.0,early_entry,4PHwxC2YCQqgK67oX786PDVwVmP4oVFnaS8ukhxBriZx,37561.46
F3u1znQ3ZqjcFJC5GG6aXhWFU7ddcCNRVnRJcMa7fyEo,sol,72.0,early_entry,4PHwxC2YCQqgK67oX786PDVwVmP4oVFnaS8ukhxBriZx,37561.46
FgPCKbfsEuXsPP4yhPbEbjvPa7m62QYcANzeGsug7it,sol,72.0,early_entry,4PHwxC2YCQqgK67oX786PDVwVmP4oVFnaS8ukhxBriZx,37561.46
GdpResZGD92aFwqADUrVCqyEMeu79c3GFpPZTT2DVwbj,sol,72.0,early_entry,4PHwxC2YCQqgK67oX786PDVwVmP4oVFnaS8ukhxBriZx,37561.46
Gm3Aab4uNkrYyH72Ewc1iDUvkEhc9i2o3uvNFZX7Vdwu,sol,72.0,early_entry,4PHwxC2YCQqgK67oX786PDVwVmP4oVFnaS8ukhxBriZx,37561.46
Gw8NxPuSUwxp8tZdRBcoJMW1fBEsmBU6CZnnkWtxXKnA,sol,72.0,early_entry,4PHwxC2YCQqgK67oX786PDVwVmP4oVFnaS8ukhxBriZx,37561.46
HVr5kStFKnVqLUT98He2347YurpbLRTLP9HfvhKzgFyE,sol,72.0,early_entry,4PHwxC2YCQqgK67oX786PDVwVmP4oVFnaS8ukhxBriZx,37561.46
J5a3fJT1rAi864PvsiGCG9T3mBBQ5yp7q6b1yj6cAKFM,sol,72.0,early_entry,4PHwxC2YCQqgK67oX786PDVwVmP4oVFnaS8ukhxBriZx,37561.46
JAWXdeYDfyNX7wEiZns2acFdYo4KoTVWQmEZfF3CJfPc,sol,72.0,early_entry,4PHwxC2YCQqgK67oX786PDVwVmP4oVFnaS8ukhxBriZx,37561.46
9qZvANPkPE6NHoj5W5BzJ4gb4byaVqvg1V4JCJBfiK2m,sol,72.0,early_entry,Jt1uYD7bfbG7AgkhA5iD6yXMLL2aXVusev3QnpKpump,515485.08
BTmCme13XXrD3VLxXFChL9VnmicJ5PjkVUpAsjrooEYh,sol,72.0,early_entry,Jt1uYD7bfbG7AgkhA5iD6yXMLL2aXVusev3QnpKpump,515485.08
13cyXvXj4GvgeEfvdY4vYJsqUurbAYQDUV9EjgK2NN4D,sol,72.0,early_entry,2c1weSacxYkxF5xAFSzdYQXoFp3XcjimXyaGSioTnpRs,35716.82
2jDw1BSMu5uJjzUHKnqHnycZ4a6P7V6coEwSRHvSJqhk,sol,72.0,early_entry,2c1weSacxYkxF5xAFSzdYQXoFp3XcjimXyaGSioTnpRs,35716.82
5AVBevqXHqAfXCpy29dQGgAVCSxojG3pqw4juFqUAPb9,sol,72.0,early_entry,2c1weSacxYkxF5xAFSzdYQXoFp3XcjimXyaGSioTnpRs,35716.82
8bDAR6owc3zYao1v74rTkfGnHLTa1XGAhvWXGB7KiEP7,sol,72.0,early_entry,2c1weSacxYkxF5xAFSzdYQXoFp3XcjimXyaGSioTnpRs,35716.82
EddnB7c7RcEFmNEkYTevRAjmTpHWNdmq5avqyyAv1fRq,sol,72.0,early_entry,2c1weSacxYkxF5xAFSzdYQXoFp3XcjimXyaGSioTnpRs,35716.82
3yhn3HaxVckVagxP5644815m3iCAy9q4Q4RvJizmuZ1z,sol,72.0,early_entry,7eRwqqrfrAM7cTYLPWLfTNQUyLLcQo7DfkHwZGzKtodk,28489.89
5cs59HeEs1hAsoKot162jGP5xBxCCVHLgmZTu2U7VFBr,sol,72.0,early_entry,7eRwqqrfrAM7cTYLPWLfTNQUyLLcQo7DfkHwZGzKtodk,28489.89
766TRR72JZ2MMvK51aHou8b44CN7Jyha4L9hkcX7AdqX,sol,72.0,early_entry,7eRwqqrfrAM7cTYLPWLfTNQUyLLcQo7DfkHwZGzKtodk,28489.89
9mFD6gMvgaXFeht9PMXBf7Kh39LYtPvQmdEoXd9A1xWG,sol,72.0,early_entry,7eRwqqrfrAM7cTYLPWLfTNQUyLLcQo7DfkHwZGzKtodk,28489.89
9zV8nSExJgAf3ww1Pxit7hMcQUXNG4LG8ZehtPAbCAFd,sol,72.0,early_entry,7eRwqqrfrAM7cTYLPWLfTNQUyLLcQo7DfkHwZGzKtodk,28489.89
BcXPuzmgQwuoR25ZSwBxJ1ezKDhFkwUMMh1YtjrAiqSB,sol,72.0,early_entry,7eRwqqrfrAM7cTYLPWLfTNQUyLLcQo7DfkHwZGzKtodk,28489.89
FJBNLwCZzTf2WLWPbcyFwANQZLz8FWcjGmZ3NdJgrpnc,sol,72.0,early_entry,7eRwqqrfrAM7cTYLPWLfTNQUyLLcQo7DfkHwZGzKtodk,28489.89
Snip1_7DtK5nvX7yT9wQ2pM3kL4n5uR6,sol,72.0,early_entry,7DtK5nPsQEMyENpdhADW4dxz9rkh3pKf46p8SMn6pump,11896.74
Snip2_7DtK5nuR8vX7yT9wQ2pM3kL4n5,sol,72.0,early_entry,7DtK5nPsQEMyENpdhADW4dxz9rkh3pKf46p8SMn6pump,11896.74
Snip3_7DtK5nkL5n6uR8vX7yT9wQ2pM3,sol,72.0,early_entry,7DtK5nPsQEMyENpdhADW4dxz9rkh3pKf46p8SMn6pump,11896.74
mjDug21ypjsdBrtEVA5yZDG33domCvvjHsQXYG1pSdf,sol,72.0,early_entry,7DtK5nPsQEMyENpdhADW4dxz9rkh3pKf46p8SMn6pump,11896.74
EUjbNTfqouts2MPeSScG8MoMK2Bqwmm7WJbUHNjMJ2dV,sol,72.0,early_entry,4nvTx1LgWMEyc3y3ymBNWMJb7odJsfLejDwYdTAspump,104842.53
Snip1_4nvTx1vX7yT9wQ2pM3kL4n5uR6,sol,72.0,early_entry,4nvTx1LgWMEyc3y3ymBNWMJb7odJsfLejDwYdTAspump,104842.53
Snip2_4nvTx1uR8vX7yT9wQ2pM3kL4n5,sol,72.0,early_entry,4nvTx1LgWMEyc3y3ymBNWMJb7odJsfLejDwYdTAspump,104842.53
Snip3_4nvTx1kL5n6uR8vX7yT9wQ2pM3,sol,72.0,early_entry,4nvTx1LgWMEyc3y3ymBNWMJb7odJsfLejDwYdTAspump,104842.53
Dfv8M6RUAeDVefkRDEi6nY4pTpBTXTW22yUX9QQeAUJG,sol,72.0,early_entry,4PHwxC2YCQqgK67oX786PDVwVmP4oVFnaS8ukhxBriZx,11111.13
Snip1_4PHwxCvX7yT9wQ2pM3kL4n5uR6,sol,72.0,early_entry,4PHwxC2YCQqgK67oX786PDVwVmP4oVFnaS8ukhxBriZx,11111.13
Snip2_4PHwxCuR8vX7yT9wQ2pM3kL4n5,sol,72.0,early_entry,4PHwxC2YCQqgK67oX786PDVwVmP4oVFnaS8ukhxBriZx,11111.13
Snip3_4PHwxCkL5n6uR8vX7yT9wQ2pM3,sol,72.0,early_entry,4PHwxC2YCQqgK67oX786PDVwVmP4oVFnaS8ukhxBriZx,11111.13
Dqv8whmAjdC4EtQ22AEgaYymfaD4mCPvyz5Uy3ghE67c,sol,72.0,early_entry,2c1weSacxYkxF5xAFSzdYQXoFp3XcjimXyaGSioTnpRs,12206.97
Snip1_2c1weSvX7yT9wQ2pM3kL4n5uR6,sol,72.0,early_entry,2c1weSacxYkxF5xAFSzdYQXoFp3XcjimXyaGSioTnpRs,12206.97
Snip2_2c1weSuR8vX7yT9wQ2pM3kL4n5,sol,72.0,early_entry,2c1weSacxYkxF5xAFSzdYQXoFp3XcjimXyaGSioTnpRs,12206.97
Snip3_2c1weSkL5n6uR8vX7yT9wQ2pM3,sol,72.0,early_entry,2c1weSacxYkxF5xAFSzdYQXoFp3XcjimXyaGSioTnpRs,12206.97
2aL9pz69xof7hXfDyk65xCfKzpnbaie9YeqBdwivS4tH,sol,72.0,early_entry,7DtK5nPsQEMyENpdhADW4dxz9rkh3pKf46p8SMn6pump,5311.84
3NsMEVToKYdaLVJt7H5SKL9z6JFNSETstMNyu4cQVada,sol,72.0,early_entry,7DtK5nPsQEMyENpdhADW4dxz9rkh3pKf46p8SMn6pump,5311.84
8cybuXRh2sGTBjiwuUT3qDRPeQn6EK5drprmFFkaCnVr,sol,72.0,early_entry,7DtK5nPsQEMyENpdhADW4dxz9rkh3pKf46p8SMn6pump,5311.84
EfF67JFp6PaXrKU5tYBERLPBauUzMFUV3gsjSdF4751X,sol,72.0,early_entry,7DtK5nPsQEMyENpdhADW4dxz9rkh3pKf46p8SMn6pump,5311.84
GV2RZHYyxdFMN9VMzemRaBhRLM3CMqby2TKNhLgj2uFD,sol,72.0,early_entry,7DtK5nPsQEMyENpdhADW4dxz9rkh3pKf46p8SMn6pump,5311.84
6Nng2brWYLcPAhpR2R7cjJDv6N8XDtEFG2Bg7F9XmJ8E,sol,72.0,early_entry,3T4ZBX6amaLpSWe8MpVpgUhaniVq93ATNXcPeNzVTxJV,136414.26
7BNaxx6KdUYrjACNQZ9He26NBFoFxujQMAfNLnArLGH5,sol,72.0,early_entry,3T4ZBX6amaLpSWe8MpVpgUhaniVq93ATNXcPeNzVTxJV,136414.26
8wTSecyFE3SniSFSzJvoKmW3JdXkJLuZbxuiM7XLu5W6,sol,72.0,early_entry,3T4ZBX6amaLpSWe8MpVpgUhaniVq93ATNXcPeNzVTxJV,136414.26
99gRadMjzaSjhuv3NbbHcQ1FhBvFQ7XCkykQPaHTY8Pg,sol,72.0,early_entry,3T4ZBX6amaLpSWe8MpVpgUhaniVq93ATNXcPeNzVTxJV,136414.26
Be24Gbf5KisDk1LcWWZsBn8dvB816By7YzYF5zWZnRR6,sol,72.0,early_entry,3T4ZBX6amaLpSWe8MpVpgUhaniVq93ATNXcPeNzVTxJV,136414.26
BtHnhjh8Ta2vGZkrL76AmXMur1ADo3tpRo2kQMe2BCSU,sol,72.0,early_entry,3T4ZBX6amaLpSWe8MpVpgUhaniVq93ATNXcPeNzVTxJV,136414.26
DL1BD3TcEioUYfC6wBwpZjFojB2nR6cs3qqNWQa5sCaP,sol,72.0,early_entry,3T4ZBX6amaLpSWe8MpVpgUhaniVq93ATNXcPeNzVTxJV,136414.26
DNio5ketGczp2dsB3jJCm3XNsRETaAM87q3YVMPA5F9z,sol,72.0,early_entry,3T4ZBX6amaLpSWe8MpVpgUhaniVq93ATNXcPeNzVTxJV,136414.26
E3BuVKASY1SgRrxwt68WUjbmATRxphCz3BH4RgryRJXD,sol,72.0,early_entry,3T4ZBX6amaLpSWe8MpVpgUhaniVq93ATNXcPeNzVTxJV,136414.26
FKfQ2CDzZn24b5zziNh5fGja5Kd4z7DvaBmDnBjbapMc,sol,72.0,early_entry,3T4ZBX6amaLpSWe8MpVpgUhaniVq93ATNXcPeNzVTxJV,136414.26
FTTj7i22KUhyJUnbvhzCe6cPzpiNTg2GvMLqNzcMfmXN,sol,72.0,early_entry,3T4ZBX6amaLpSWe8MpVpgUhaniVq93ATNXcPeNzVTxJV,136414.26
GJiKDLm9yKtyCwhYb3FgExhBX4jySMiW2XkZ6mpKWHfd,sol,72.0,early_entry,3T4ZBX6amaLpSWe8MpVpgUhaniVq93ATNXcPeNzVTxJV,136414.26
Hzr1oq6V6sp36N72e9k8bG7NuMWFVGowxFT4AH9ifuER,sol,72.0,early_entry,3T4ZBX6amaLpSWe8MpVpgUhaniVq93ATNXcPeNzVTxJV,136414.26
VJSDW6S74YXR4rRR9P4xwhMvLZJQMhrUb8XMFirUsy1,sol,72.0,early_entry,3T4ZBX6amaLpSWe8MpVpgUhaniVq93ATNXcPeNzVTxJV,136414.26
Dev_BELUGApM3kL4n5uR6vX7yT9wQ2,sol,72.0,early_entry,BELUGAnA11111111111111111111111111111111111,121500.0
Snip1_BELUGAvX7yT9wQ2pM3kL4n5uR6,sol,72.0,early_entry,BELUGAnA11111111111111111111111111111111111,121500.0
Snip2_BELUGAuR8vX7yT9wQ2pM3kL4n5,sol,72.0,early_entry,BELUGAnA11111111111111111111111111111111111,121500.0
Snip3_BELUGAkL5n6uR8vX7yT9wQ2pM3,sol,72.0,early_entry,BELUGAnA11111111111111111111111111111111111,121500.0
